Date,Open,High,Low,Close,Volume
2015-02-09,50.35,50.45,50.27,50.3,6608823
2015-02-10,49.53,49.53,49.37,49.39,7726261
2015-02-11,49.97,50.25,49.91,50.09,5384843
2015-02-12,50.78,51.11,50.72,50.97,6204298
2015-02-13,48.84,49.35,48.81,49.24,6078807
2015-02-16,48.31,48.37,47.94,48.12,6932446
2015-02-17,48.26,48.29,48.17,48.25,7786146
2015-02-18,48.04,48.18,47.77,48.0,3135600
2015-02-19,47.86,48.11,47.86,48.01,6436722
2015-02-20,47.54,47.69,47.17,47.31,3130633
2015-02-23,48.27,48.31,48.07,48.08,6772102
2015-02-24,48.76,48.95,48.7,48.79,4725223
2015-02-25,48.76,49.0,48.51,48.87,6756456
2015-02-26,49.82,49.99,49.59,49.9,2657177
2015-02-27,50.18,50.54,50.08,50.34,3766419
2015-03-02,49.6,49.66,49.51,49.59,2644628
2015-03-03,49.83,50.05,49.81,49.95,6372758
2015-03-04,49.23,49.27,48.98,49.12,6819344
2015-03-05,49.86,50.21,49.75,49.93,4618852
2015-03-06,49.84,49.97,49.74,49.91,4027907
2015-03-09,50.07,50.23,49.62,49.77,3974940
2015-03-10,49.04,49.2,49.04,49.18,3391394
2015-03-11,49.99,50.42,49.88,50.3,3544447
2015-03-12,50.26,50.3,50.17,50.19,6532360
2015-03-13,49.41,49.85,49.11,49.83,5888643
2015-03-16,49.59,49.64,49.51,49.54,3872039
2015-03-17,50.24,50.46,49.88,50.04,6790927
2015-03-18,50.41,50.6,50.38,50.4,5395566
2015-03-19,50.8,51.0,50.67,50.8,7905002
2015-03-20,50.8,51.28,50.76,51.22,7596988
2015-03-23,53.38,53.48,53.17,53.26,5462164
2015-03-24,52.98,53.24,52.68,52.9,7847871
2015-03-25,52.19,52.66,52.05,52.44,4387570
2015-03-26,52.1,52.17,51.68,51.7,6312101
2015-03-27,52.05,52.33,51.92,52.3,4450925
2015-03-30,53.04,53.43,53.0,53.4,2614534
2015-03-31,52.93,53.7,52.71,53.32,7053930
2015-04-01,52.55,52.59,52.5,52.55,5584523
2015-04-02,51.87,52.09,51.69,51.8,2042517
2015-04-03,52.53,52.58,52.36,52.43,5110712
2015-04-06,53.1,53.27,52.94,53.17,5537207
2015-04-07,53.54,53.79,53.48,53.72,2548866
2015-04-08,53.28,53.61,53.06,53.1,2166363
2015-04-09,53.16,53.41,53.09,53.35,5695009
2015-04-10,53.23,53.53,53.21,53.49,2545028
2015-04-13,54.03,54.12,53.68,53.73,3934528
2015-04-14,54.65,54.68,54.59,54.61,2389914
2015-04-15,54.96,54.97,54.76,54.85,7815200
2015-04-16,55.7,55.83,55.44,55.56,3605027
2015-04-17,55.52,55.78,55.39,55.65,2395644
2015-04-20,55.85,56.1,55.79,55.97,5285240
2015-04-21,56.78,56.8,56.51,56.64,4267578
2015-04-22,55.06,55.27,54.86,55.2,5071016
2015-04-23,54.98,55.01,54.88,54.91,5063995
2015-04-24,54.45,54.87,54.37,54.47,3757862
2015-04-27,53.62,54.04,53.6,53.88,2762368
2015-04-28,53.85,53.89,53.39,53.64,4090176
2015-04-29,54.85,55.19,54.78,55.13,4748070
2015-04-30,54.35,54.43,54.2,54.3,3267091
2015-05-01,55.3,55.44,55.08,55.29,4123130
2015-05-04,53.94,53.95,53.36,53.66,5838758
2015-05-05,53.13,53.41,53.06,53.37,3422524
2015-05-06,53.44,53.63,53.38,53.55,7861799
2015-05-07,54.12,54.38,53.99,54.15,3823214
2015-05-08,54.91,55.03,54.5,54.87,5611506
2015-05-11,55.88,56.06,55.49,55.69,3979586
2015-05-12,55.44,55.99,55.31,55.37,6213868
2015-05-13,54.94,55.2,54.87,54.94,7515684
2015-05-14,56.05,56.46,55.53,55.82,6658514
2015-05-15,56.12,56.46,55.52,55.66,4521960
2015-05-18,54.12,54.48,54.1,54.42,3503619
2015-05-19,53.35,53.4,53.29,53.35,3368048
2015-05-20,52.66,52.72,52.35,52.5,4428925
2015-05-21,53.01,53.16,52.87,53.0,5860402
2015-05-22,53.46,53.61,53.16,53.16,5679420
2015-05-25,53.78,54.09,53.71,53.85,2876539
2015-05-26,53.25,53.7,53.1,53.46,6514809
2015-05-27,53.83,53.96,53.61,53.64,5079121
2015-05-28,53.68,54.43,53.63,54.28,4723352
2015-05-29,53.9,54.08,53.84,54.0,7197677
2015-06-01,54.99,55.04,54.37,54.48,3858562
2015-06-02,53.86,53.93,53.85,53.86,6534405
2015-06-03,53.61,53.63,53.17,53.53,2433523
2015-06-04,52.99,53.38,52.99,53.19,6321119
2015-06-05,52.08,52.15,52.02,52.09,2974146
2015-06-08,52.54,52.77,52.41,52.57,3356372
2015-06-09,52.54,52.67,52.13,52.16,3789673
2015-06-10,51.98,52.41,51.8,52.19,5198543
2015-06-11,52.09,53.06,51.94,52.67,2956261
2015-06-12,53.21,53.37,53.01,53.13,7950416
2015-06-15,54.13,54.37,53.62,53.79,3009371
2015-06-16,53.58,53.87,53.56,53.72,4835090
2015-06-17,52.95,53.49,52.81,53.34,4398891
2015-06-18,53.07,53.42,52.87,53.29,3052440
2015-06-19,51.82,51.92,51.49,51.73,6048224
2015-06-22,50.31,50.52,50.08,50.42,7005945
2015-06-23,49.27,49.49,49.05,49.26,7417689
2015-06-24,47.95,48.5,47.9,48.41,7376032
2015-06-25,48.68,48.87,48.63,48.78,6588327
2015-06-26,48.17,48.53,47.86,48.02,2357942
2015-06-29,47.66,47.82,47.62,47.71,7973287
2015-06-30,48.67,48.95,48.58,48.87,6494568
2015-07-01,48.78,48.81,48.39,48.58,4536393
2015-07-02,49.45,49.64,49.13,49.25,5571105
2015-07-03,48.37,48.46,48.14,48.46,6199366
2015-07-06,48.16,48.36,48.06,48.3,3881347
2015-07-07,47.75,47.78,47.47,47.51,4207035
2015-07-08,47.14,47.38,47.13,47.24,4349119
2015-07-09,47.95,48.0,47.9,47.99,3613823
2015-07-10,46.88,46.94,46.52,46.54,5573255
2015-07-13,46.96,47.02,46.8,46.93,7870810
2015-07-14,47.06,47.17,47.05,47.15,5645027
2015-07-15,46.31,46.74,46.27,46.68,6430810
2015-07-16,45.51,45.51,45.41,45.5,4500696
2015-07-17,45.56,45.64,45.46,45.58,5857510
2015-07-20,45.06,45.23,45.02,45.17,6262718
2015-07-21,45.55,45.68,45.25,45.38,7992534
2015-07-22,45.19,45.46,45.19,45.42,4196325
2015-07-23,46.48,46.93,46.27,46.78,5271382
2015-07-24,46.45,46.63,46.2,46.6,6024730
2015-07-27,45.76,45.95,45.6,45.77,4883474
2015-07-28,45.66,45.95,45.54,45.94,4823352
2015-07-29,45.92,46.3,45.84,46.15,6928847
2015-07-30,47.15,47.56,46.84,47.31,4566076
2015-07-31,48.04,48.1,47.86,48.05,2235651
2015-08-03,48.24,48.45,48.16,48.39,4653485
2015-08-04,49.88,49.91,49.4,49.7,3299671
2015-08-05,48.23,48.89,48.12,48.68,2761596
2015-08-06,48.2,48.43,48.12,48.14,4822780
2015-08-07,47.24,47.53,47.23,47.37,4521718
2015-08-10,47.13,47.14,47.01,47.06,7813415
2015-08-11,46.28,46.46,45.87,45.93,7004666
2015-08-12,46.45,46.62,46.43,46.48,3503644
2015-08-13,46.34,46.55,46.28,46.32,7126026
2015-08-14,45.27,45.39,44.89,45.13,7166934
2015-08-17,44.09,44.45,44.01,44.34,2838295
2015-08-18,44.71,44.84,44.56,44.61,2871434
2015-08-19,45.44,45.51,45.16,45.31,5102652
2015-08-20,46.95,47.12,46.85,46.99,3332479
2015-08-21,49.66,49.78,49.49,49.55,2977586
2015-08-24,49.95,49.97,49.55,49.95,4976831
2015-08-25,48.92,49.12,48.89,49.09,7810871
2015-08-26,47.0,47.43,46.96,47.26,5577649
2015-08-27,47.69,47.75,47.3,47.52,7629708
2015-08-28,47.17,47.23,46.68,46.85,2459200
2015-08-31,46.36,46.63,46.19,46.52,2890750
2015-09-01,46.09,46.13,45.93,46.04,7055397
2015-09-02,45.7,46.06,45.66,45.94,6478035
2015-09-03,46.75,46.91,46.73,46.86,2274822
2015-09-04,46.9,47.26,46.76,47.01,4342202
2015-09-07,46.67,47.01,46.63,46.9,7519766
2015-09-08,46.03,46.09,45.89,46.06,5741739
2015-09-09,44.88,44.94,44.68,44.71,4220817
2015-09-10,44.43,44.54,44.18,44.35,2554370
2015-09-11,44.22,44.44,44.19,44.33,4926509
2015-09-14,46.03,46.23,45.68,45.78,2074615
2015-09-15,45.94,45.99,45.68,45.91,5056681
2015-09-16,47.08,47.17,46.69,46.76,3052877
2015-09-17,46.1,46.53,45.92,46.36,6964178
2015-09-18,45.94,46.15,45.24,45.4,3476240
2015-09-21,44.6,44.7,44.39,44.64,5215791
2015-09-22,43.87,44.14,43.85,44.09,5344742
2015-09-23,45.62,46.0,45.49,45.83,7472824
2015-09-24,45.34,45.4,45.01,45.18,3589132
2015-09-25,46.05,46.25,45.75,45.89,5111997
2015-09-28,45.31,45.38,45.03,45.18,4909200
2015-09-29,46.06,46.21,45.73,45.96,7815634
2015-09-30,46.08,46.38,46.08,46.3,5413605
2015-10-01,46.16,46.3,46.05,46.2,2757643
2015-10-02,45.75,46.31,45.68,46.19,6279864
2015-10-05,45.5,45.7,45.35,45.67,5926792
2015-10-06,46.17,46.19,46.06,46.06,3996706
2015-10-07,45.35,45.82,44.99,45.71,7304195
2015-10-08,45.14,45.32,44.41,44.73,7546355
2015-10-09,43.95,44.12,43.67,43.74,2345531
2015-10-12,43.68,43.92,43.57,43.89,5712460
2015-10-13,45.3,45.38,44.93,45.18,4909711
2015-10-14,45.43,45.44,45.22,45.34,5168147
2015-10-15,45.23,45.34,45.18,45.26,6847065
2015-10-16,45.61,45.65,45.21,45.52,7074630
2015-10-19,46.56,46.64,46.13,46.62,2150332
2015-10-20,46.82,46.92,46.73,46.83,5514808
2015-10-21,46.6,46.82,46.43,46.51,5632481
2015-10-22,47.55,47.68,47.28,47.47,3052541
2015-10-23,47.92,48.09,47.73,47.86,4536856
2015-10-26,49.29,49.41,48.97,49.23,7823744
2015-10-27,49.6,49.65,49.39,49.41,2620900
2015-10-28,48.51,48.81,48.0,48.36,7918176
2015-10-29,46.98,47.4,46.97,47.21,7312065
2015-10-30,48.51,48.85,48.4,48.66,7728206
2015-11-02,50.51,50.67,50.12,50.21,3375180
2015-11-03,50.39,50.39,49.94,50.08,4980548
2015-11-04,49.87,49.9,49.65,49.76,2225461
2015-11-05,51.05,51.22,50.82,51.11,7080977
2015-11-06,50.29,50.37,50.07,50.13,2065278
2015-11-09,49.48,49.54,49.22,49.35,2476351
2015-11-10,49.64,50.01,49.34,49.95,4356680
2015-11-11,49.64,49.65,49.49,49.62,7513299
2015-11-12,49.36,49.81,49.36,49.64,4303564
2015-11-13,49.43,49.6,49.34,49.52,6976162
2015-11-16,49.85,49.89,49.71,49.85,7680085
2015-11-17,51.5,51.58,50.96,51.15,4262232
2015-11-18,50.83,51.33,50.73,51.26,2945548
2015-11-19,51.81,52.12,51.65,51.89,4065083
2015-11-20,50.17,50.33,49.89,50.03,6131832
2015-11-23,50.14,50.46,49.89,50.01,6542653
2015-11-24,49.45,49.85,49.27,49.28,5156867
2015-11-25,48.05,48.3,47.89,48.24,2108843
2015-11-26,47.48,47.59,47.4,47.5,3802920
2015-11-27,47.16,47.35,47.08,47.24,7422166
2015-11-30,48.3,48.53,48.04,48.05,2330450
2015-12-01,46.92,46.95,46.86,46.94,6880041
2015-12-02,47.0,47.05,46.68,46.99,6041101
2015-12-03,46.64,46.75,46.6,46.61,6740029
2015-12-04,46.11,46.51,46.03,46.36,5892289
2015-12-07,47.32,47.32,47.17,47.22,2356714
2015-12-08,47.5,47.86,47.42,47.71,6740861
2015-12-09,48.93,49.05,48.85,48.89,7347923
2015-12-10,48.64,48.82,48.59,48.78,2071252
2015-12-11,48.43,48.59,48.07,48.2,3842277
2015-12-14,48.04,48.07,47.89,48.03,2492796
2015-12-15,48.64,48.71,48.24,48.26,2303916
2015-12-16,48.01,48.45,47.98,48.44,5263338
2015-12-17,47.79,47.88,47.41,47.53,3517840
2015-12-18,47.8,47.93,47.44,47.63,3051335
2015-12-21,47.91,47.93,47.8,47.85,6597293
2015-12-22,50.54,50.61,50.01,50.09,3197429
2015-12-23,51.55,51.93,51.41,51.84,7880006
2015-12-24,51.12,51.2,51.0,51.08,3823168
2015-12-25,51.09,51.31,50.82,50.84,6049351
2015-12-28,49.66,49.75,49.42,49.54,2902745
2015-12-29,48.97,49.12,48.88,49.04,5198545
2015-12-30,49.47,49.84,49.19,49.35,3016980
2015-12-31,50.37,50.62,50.3,50.45,6740942
2016-01-01,49.75,49.95,49.72,49.82,7165102
2016-01-04,49.13,49.27,49.05,49.26,5705460
2016-01-05,47.62,47.74,47.19,47.42,2306828
2016-01-06,47.36,47.38,47.02,47.3,5586248
2016-01-07,46.9,46.95,46.21,46.43,2389152
2016-01-08,46.17,46.31,45.95,46.01,2203338
2016-01-11,45.05,45.34,45.0,45.32,7044880
2016-01-12,45.41,45.45,45.26,45.26,7965113
2016-01-13,43.68,43.93,43.65,43.87,3421526
2016-01-14,42.7,42.76,42.69,42.75,6673622
2016-01-15,44.47,44.6,44.42,44.44,5705827
2016-01-18,43.26,43.48,43.24,43.45,3546751
2016-01-19,42.53,42.78,42.43,42.62,6232534
2016-01-20,43.96,44.12,43.78,44.08,2950244
2016-01-21,46.49,46.57,46.39,46.46,3042006
2016-01-22,45.5,45.61,45.46,45.52,3039407
2016-01-25,45.22,45.5,45.19,45.24,3395169
2016-01-26,45.85,45.9,45.3,45.54,2023033
2016-01-27,47.11,47.13,46.97,47.0,4047120
2016-01-28,46.28,46.36,46.06,46.2,4554260
2016-01-29,46.22,46.38,46.0,46.02,7122596
2016-02-01,47.04,47.3,46.54,46.69,6031164
2016-02-02,47.34,47.54,46.99,47.08,3791590
2016-02-03,46.59,47.02,46.45,46.79,5331063
2016-02-04,46.8,46.85,46.44,46.7,7028491
2016-02-05,45.72,45.72,45.36,45.58,2814111
2016-02-08,45.58,45.78,45.03,45.41,7745225
2016-02-09,45.19,45.24,44.92,45.21,2782570
2016-02-10,45.44,45.65,45.36,45.42,3180071
2016-02-11,44.84,45.01,44.83,44.99,2312673
2016-02-12,45.33,45.49,45.3,45.4,3302357
2016-02-15,46.04,46.38,45.96,46.26,6139685
2016-02-16,46.65,46.76,46.19,46.41,6513276
2016-02-17,46.63,46.83,46.51,46.73,2993341
2016-02-18,46.62,46.95,46.52,46.8,2982011
2016-02-19,46.88,47.01,46.75,46.82,2920352
2016-02-22,46.26,46.41,46.12,46.24,4186280
2016-02-23,46.4,46.62,46.12,46.53,4553602
2016-02-24,46.54,46.79,46.46,46.47,7398513
2016-02-25,48.16,48.3,48.01,48.28,5282946
2016-02-26,49.79,49.88,49.63,49.69,5247601
2016-02-29,50.06,50.19,49.97,50.06,5693445
2016-03-01,49.45,49.59,49.28,49.4,2794185
2016-03-02,48.37,48.61,48.27,48.45,5499201
2016-03-03,49.39,49.59,49.23,49.52,2338937
2016-03-04,49.83,50.01,49.63,49.78,3103392
2016-03-07,49.92,50.32,49.88,50.24,7342631
2016-03-08,48.98,49.17,48.48,48.71,6415937
2016-03-09,49.47,49.57,49.23,49.56,5096629
2016-03-10,50.4,50.52,49.85,49.99,2277461
2016-03-11,49.15,49.23,48.94,49.02,5774562
2016-03-14,48.61,48.7,48.43,48.63,2106242
2016-03-15,48.77,48.91,48.47,48.89,2852162
2016-03-16,49.06,49.07,48.95,48.96,3148140
2016-03-17,48.82,48.95,48.56,48.73,5975358
2016-03-18,48.74,49.08,48.63,48.66,7179118
2016-03-21,48.63,48.83,48.43,48.46,7946423
2016-03-22,48.65,48.68,48.6,48.62,7031640
2016-03-23,50.18,50.45,49.75,49.95,4946701
2016-03-24,47.57,47.82,47.48,47.72,4384218
2016-03-25,47.5,47.8,47.35,47.54,4259661
2016-03-28,47.83,47.9,47.65,47.72,5356511
2016-03-29,47.85,48.05,47.7,48.0,4887967
2016-03-30,47.71,47.74,47.65,47.7,5437120
2016-03-31,46.52,46.66,46.09,46.24,6836737
2016-04-01,46.55,46.62,46.35,46.53,4958809
2016-04-04,47.94,48.12,47.93,48.03,6662161
2016-04-05,46.95,47.01,46.42,46.74,6634487
2016-04-06,47.28,47.7,47.05,47.5,2407808
2016-04-07,47.18,47.31,47.11,47.24,4418528
2016-04-08,47.42,47.42,47.03,47.21,2725386
2016-04-11,46.21,46.46,45.97,46.35,5543944
2016-04-12,46.14,46.33,45.9,46.1,6133559
2016-04-13,47.2,47.31,47.17,47.21,7072434
2016-04-14,48.03,48.23,47.65,47.73,7327856
2016-04-15,48.99,49.35,48.95,49.27,5758881
2016-04-18,50.24,50.54,50.2,50.35,3076730
2016-04-19,50.71,51.05,50.52,50.78,3744612
2016-04-20,52.5,52.61,52.41,52.42,5739754
2016-04-21,52.98,52.99,52.79,52.86,3892002
2016-04-22,53.77,54.06,53.58,53.68,2810855
2016-04-25,53.73,53.91,53.17,53.42,2251152
2016-04-26,53.66,53.71,53.46,53.52,3961898
2016-04-27,52.6,53.14,52.55,52.87,4770023
2016-04-28,53.54,54.04,53.43,53.85,6967336
2016-04-29,52.63,52.91,52.35,52.75,4258451
2016-05-02,53.41,53.6,53.31,53.52,4589278
2016-05-03,53.27,53.53,53.24,53.37,3393370
2016-05-04,54.76,54.78,54.48,54.53,2906518
2016-05-05,55.16,55.35,55.07,55.3,7322628
2016-05-06,57.42,57.48,57.0,57.17,6740966
2016-05-09,58.22,58.24,57.89,57.96,5917223
2016-05-10,56.37,56.46,56.24,56.37,6153400
2016-05-11,56.21,56.46,56.19,56.33,7127715
2016-05-12,55.46,55.61,55.08,55.18,7345257
2016-05-13,54.51,54.74,54.49,54.69,4539707
2016-05-16,56.34,56.52,56.07,56.23,2548218
2016-05-17,56.97,57.17,56.83,56.91,5183376
2016-05-18,56.52,56.72,55.87,56.22,6602878
2016-05-19,55.31,55.51,55.13,55.24,5998804
2016-05-20,55.3,55.47,54.93,55.3,4162625
2016-05-23,54.35,54.47,54.04,54.13,2973263
2016-05-24,53.42,53.52,53.42,53.5,5248768
2016-05-25,53.95,53.98,53.68,53.83,7072325
2016-05-26,55.02,55.12,54.93,54.99,5098803
2016-05-27,55.63,55.98,55.53,55.62,6665104
2016-05-30,53.09,53.52,53.0,53.4,7488525
2016-05-31,53.72,53.87,53.61,53.72,7647424
2016-06-01,53.6,53.85,53.35,53.82,7415504
2016-06-02,54.36,54.41,54.23,54.25,7742775
2016-06-03,56.41,56.74,55.58,55.88,6632161
2016-06-06,53.82,54.03,53.78,53.87,6706638
2016-06-07,53.52,53.67,53.22,53.32,6174506
2016-06-08,54.14,54.16,53.71,53.92,5509834
2016-06-09,52.19,52.54,52.03,52.43,7716623
2016-06-10,54.03,54.15,53.77,53.87,6642207
2016-06-13,54.19,54.46,53.83,54.26,6432713
2016-06-14,55.02,55.19,54.99,55.12,5936054
2016-06-15,54.76,54.81,54.52,54.58,6643920
2016-06-16,55.29,55.51,55.2,55.42,6950738
2016-06-17,56.4,56.75,56.25,56.52,3754414
2016-06-20,56.96,57.05,56.75,56.79,2379044
2016-06-21,57.35,57.36,57.04,57.05,5900755
2016-06-22,57.38,57.44,57.04,57.36,6623918
2016-06-23,56.66,56.76,56.42,56.51,4937855
2016-06-24,56.06,56.57,56.0,56.38,6030988
2016-06-27,56.23,56.32,55.86,56.26,6713839
2016-06-28,56.78,56.85,56.67,56.67,7956749
2016-06-29,57.54,57.79,57.46,57.73,5103426
2016-06-30,56.82,57.03,56.41,56.67,6337668
2016-07-01,56.64,56.89,56.52,56.57,6282309
2016-07-04,58.2,58.76,57.94,58.13,3587036
2016-07-05,57.66,57.92,57.09,57.39,2299319
2016-07-06,56.86,56.86,56.52,56.57,3355363
2016-07-07,56.53,57.04,56.46,56.81,6718431
2016-07-08,57.55,57.99,57.47,57.71,2330211
2016-07-11,57.87,57.99,57.44,57.75,7345211
2016-07-12,59.1,59.31,58.59,59.17,2724896
2016-07-13,60.6,60.77,59.98,60.12,4570604
2016-07-14,61.34,61.36,60.76,61.07,2745986
2016-07-15,61.51,62.2,61.16,61.71,6800215
2016-07-18,64.19,64.47,64.12,64.39,7420609
2016-07-19,63.86,64.28,63.61,64.18,2187434
2016-07-20,62.03,62.07,61.82,61.94,4716762
2016-07-21,63.63,63.83,63.59,63.79,6204178
2016-07-22,63.12,63.31,62.99,63.29,2583040
2016-07-25,63.13,63.45,63.06,63.45,7217419
2016-07-26,65.23,65.62,64.95,65.0,4544896
2016-07-27,62.99,63.49,62.94,63.18,4537282
2016-07-28,61.58,61.85,61.44,61.8,3482155
2016-07-29,59.62,60.13,59.47,60.08,5116958
2016-08-01,59.35,59.38,59.25,59.25,5220918
2016-08-02,59.81,59.94,59.49,59.75,7554755
2016-08-03,60.53,60.64,60.17,60.35,7654944
2016-08-04,61.03,61.17,60.45,60.68,7682973
2016-08-05,59.24,59.38,59.16,59.19,2292855
2016-08-08,56.73,56.82,56.62,56.81,2574860
2016-08-09,56.52,56.97,56.39,56.89,3169681
2016-08-10,56.46,56.6,56.24,56.44,5201096
2016-08-11,57.01,57.13,56.69,56.93,4477152
2016-08-12,57.75,57.81,57.57,57.69,6991135
2016-08-15,57.41,57.87,57.2,57.86,2683784
2016-08-16,58.98,58.98,58.62,58.69,7227937
2016-08-17,59.1,59.22,58.93,58.96,6839073
2016-08-18,59.46,59.81,59.31,59.55,5523353
2016-08-19,58.76,58.88,58.55,58.83,5175369
2016-08-22,58.22,58.88,58.06,58.67,6087623
2016-08-23,58.98,59.15,58.84,58.91,3078876
2016-08-24,59.73,59.96,59.61,59.82,5824370
2016-08-25,59.15,59.57,59.03,59.42,3502586
2016-08-26,60.49,60.5,59.76,60.01,3757813
2016-08-29,60.13,60.28,59.57,59.76,6626375
2016-08-30,59.83,59.84,59.56,59.66,2016760
2016-08-31,60.58,60.74,60.4,60.59,2298833
2016-09-01,58.19,58.6,58.15,58.48,3334936
2016-09-02,57.16,57.22,57.0,57.16,6855246
2016-09-05,55.79,55.8,55.46,55.68,2665292
2016-09-06,53.4,53.43,53.28,53.42,7847761
2016-09-07,52.79,53.01,52.74,52.8,3927810
2016-09-08,53.58,53.87,53.53,53.54,4258629
2016-09-09,53.05,53.39,52.99,53.29,5531732
2016-09-12,53.69,53.72,53.22,53.51,2050002
2016-09-13,54.82,54.93,54.25,54.6,7554928
2016-09-14,55.85,56.09,55.82,55.95,4955387
2016-09-15,55.75,55.92,55.46,55.91,3764757
2016-09-16,57.8,58.02,57.22,57.31,5687794
2016-09-19,57.7,58.01,57.23,57.44,6918138
2016-09-20,56.08,56.77,55.95,56.61,5575735
2016-09-21,56.01,56.17,55.96,56.03,2817382
2016-09-22,54.36,54.67,54.1,54.59,4387228
2016-09-23,53.55,53.8,53.45,53.75,5241652
2016-09-26,53.28,53.49,53.02,53.43,3856817
2016-09-27,54.24,54.34,54.23,54.23,3771746
2016-09-28,55.94,56.45,55.75,55.97,2344038
2016-09-29,54.34,54.66,54.3,54.62,7928170
2016-09-30,54.8,55.31,54.75,55.03,3450485
2016-10-03,53.59,54.09,53.58,54.04,5115307
2016-10-04,54.51,54.67,54.46,54.53,2287089
2016-10-05,54.49,54.49,54.28,54.43,6401270
2016-10-06,52.87,53.12,52.69,52.69,2025718
2016-10-07,53.82,53.99,53.61,53.61,2526778
2016-10-10,53.07,53.2,52.83,53.05,5565230
2016-10-11,52.49,52.63,52.36,52.57,7431583
2016-10-12,52.04,52.15,51.55,51.59,3290257
2016-10-13,50.83,51.04,50.62,51.02,3253836
2016-10-14,51.16,51.65,51.15,51.44,4656462
2016-10-17,51.19,51.37,51.1,51.29,4990719
2016-10-18,51.66,51.77,51.44,51.62,3268873
2016-10-19,52.26,52.46,51.84,51.98,7923306
2016-10-20,53.16,53.52,53.06,53.26,6583039
2016-10-21,52.61,53.03,52.61,52.96,7364188
2016-10-24,51.74,51.88,51.49,51.59,4487479
2016-10-25,52.52,52.71,52.43,52.62,4121735
2016-10-26,52.11,52.57,51.99,52.33,6268279
2016-10-27,53.22,53.44,53.16,53.42,4409180
2016-10-28,53.85,53.85,53.82,53.82,2612420
2016-10-31,53.34,53.89,53.31,53.72,4049838
2016-11-01,54.4,54.48,54.0,54.08,7396914
2016-11-02,56.01,56.14,55.81,56.04,5187326
2016-11-03,58.22,58.45,58.19,58.21,6660353
2016-11-04,58.55,58.61,58.28,58.31,2747121
2016-11-07,58.33,58.65,58.11,58.51,5542214
2016-11-08,59.69,59.86,59.67,59.68,7209043
2016-11-09,58.79,58.98,58.75,58.81,3352413
2016-11-10,59.3,59.38,59.19,59.19,5695733
2016-11-11,59.77,60.23,59.03,59.19,2188618
2016-11-14,59.3,59.56,59.18,59.56,5120367
2016-11-15,58.68,58.75,58.45,58.7,3965947
2016-11-16,57.56,57.71,56.92,57.07,4705629
2016-11-17,54.81,55.17,54.73,55.01,4639668
2016-11-18,54.29,54.33,53.76,53.94,5563477
2016-11-21,53.54,53.6,53.38,53.53,6717113
2016-11-22,53.49,53.84,53.17,53.27,2651689
2016-11-23,55.31,55.36,55.08,55.19,4222354
2016-11-24,56.4,56.51,56.2,56.33,5316754
2016-11-25,55.19,55.76,55.1,55.39,6711813
2016-11-28,55.73,55.92,55.71,55.76,7835328
2016-11-29,55.54,55.68,55.23,55.38,7403838
2016-11-30,55.04,55.4,55.04,55.13,5042192
2016-12-01,55.1,55.63,54.8,55.34,3208362
2016-12-02,55.77,56.06,55.71,55.99,7715905
2016-12-05,55.99,56.07,55.52,55.68,7566943
2016-12-06,57.14,57.21,56.71,56.78,6529892
2016-12-07,55.49,55.69,55.43,55.65,5955095
2016-12-08,55.68,55.71,55.68,55.69,6451247
2016-12-09,58.67,58.69,58.32,58.38,7993374
2016-12-12,58.71,58.97,58.59,58.65,4072874
2016-12-13,60.23,60.33,60.19,60.21,3419831
2016-12-14,60.49,60.68,60.29,60.34,6944238
2016-12-15,60.73,61.06,60.55,61.0,2872918
2016-12-16,60.8,61.35,60.79,60.97,4466052
2016-12-19,61.0,61.15,60.81,60.82,6415143
2016-12-20,60.05,60.08,59.82,60.0,4241820
2016-12-21,60.61,60.69,60.22,60.49,6974343
2016-12-22,59.63,59.7,59.59,59.6,7870095
2016-12-23,60.04,60.38,59.88,60.35,6720687
2016-12-26,61.68,61.74,61.57,61.57,7922449
2016-12-27,62.33,62.49,61.74,62.01,2989206
2016-12-28,61.85,61.88,61.6,61.72,5540634
2016-12-29,62.44,62.76,62.04,62.26,3466453
2016-12-30,61.72,62.34,61.71,61.95,7011353
2017-01-02,62.97,63.1,62.8,63.03,6197554
2017-01-03,60.91,61.06,60.73,61.02,4478112
2017-01-04,60.56,60.82,60.5,60.68,3797532
2017-01-05,58.43,58.8,58.24,58.57,2958691
2017-01-06,57.18,57.22,56.95,57.05,5681292
2017-01-09,58.62,58.71,58.33,58.49,5537589
2017-01-10,59.68,59.77,59.11,59.47,5779930
2017-01-11,59.16,59.2,58.69,58.74,4928319
2017-01-12,57.24,57.41,57.02,57.2,3721179
2017-01-13,54.36,54.55,54.02,54.25,4707754
2017-01-16,53.79,54.3,53.75,53.75,2438578
2017-01-17,55.81,56.36,55.78,56.18,5538563
2017-01-18,56.41,56.7,56.24,56.65,6584073
2017-01-19,56.21,56.33,55.98,56.11,2068672
2017-01-20,56.51,56.65,56.4,56.61,2507871
2017-01-23,55.05,55.37,54.97,55.06,7942175
2017-01-24,54.49,54.83,54.31,54.8,7260288
2017-01-25,54.99,55.05,54.83,54.92,4751724
2017-01-26,54.8,55.18,54.68,54.87,2143926
2017-01-27,55.72,55.95,55.55,55.68,3848813
2017-01-30,56.1,56.31,55.79,56.06,7058379
2017-01-31,56.39,57.03,56.16,56.76,3754742
2017-02-01,56.34,56.52,56.0,56.09,4854711
2017-02-02,56.74,57.35,56.59,57.03,5437627
2017-02-03,58.69,58.82,58.6,58.76,5264632
2017-02-06,57.66,57.79,57.48,57.77,2387648
2017-02-07,57.12,57.18,56.77,56.88,4442514
2017-02-08,58.32,58.34,58.3,58.3,2467276
2017-02-09,58.35,58.41,58.11,58.13,5521483
2017-02-10,59.69,60.06,59.51,59.64,3639868
2017-02-13,59.19,59.47,59.02,59.2,7699946
2017-02-14,60.61,60.85,60.6,60.8,2093738
2017-02-15,60.86,61.0,60.81,60.98,3980121
2017-02-16,61.3,61.49,61.2,61.29,3174369
2017-02-17,63.14,63.3,63.03,63.07,7829564
2017-02-20,62.53,62.94,62.42,62.69,6669012
2017-02-21,62.02,62.06,61.43,61.67,3261806
2017-02-22,61.28,61.46,61.13,61.21,2420604
2017-02-23,61.47,61.82,61.36,61.74,3384227
2017-02-24,60.41,60.44,59.8,60.05,3200134
2017-02-27,60.37,60.87,60.09,60.78,4402524
2017-02-28,60.32,60.35,59.92,60.22,2959411
2017-03-01,61.37,61.72,61.24,61.51,5880597
2017-03-02,59.31,59.6,58.94,58.94,5906700
2017-03-03,58.34,58.36,58.12,58.14,4314044
2017-03-06,56.17,56.49,55.99,56.43,6187161
2017-03-07,55.85,55.86,55.6,55.63,2624898
2017-03-08,55.45,56.08,55.09,55.9,4740455
2017-03-09,55.94,56.09,55.71,55.75,4154855
2017-03-10,55.52,55.63,55.32,55.53,3288428
2017-03-13,55.19,55.51,54.91,55.39,3334372
2017-03-14,55.84,55.87,55.53,55.63,4780910
2017-03-15,54.82,54.88,54.55,54.65,2744165
2017-03-16,55.42,55.54,55.16,55.38,3936200
2017-03-17,56.14,56.51,56.05,56.07,4030551
2017-03-20,56.58,56.63,56.34,56.49,7808439
2017-03-21,57.01,57.13,56.97,57.09,2658827
2017-03-22,57.55,57.73,57.24,57.42,4299877
2017-03-23,59.15,59.66,59.1,59.59,2122066
2017-03-24,58.73,59.86,58.56,59.53,4063363
2017-03-27,59.34,59.45,59.12,59.23,2748598
2017-03-28,58.55,58.64,58.34,58.46,5601829
2017-03-29,57.26,57.46,57.23,57.42,6734383
2017-03-30,55.93,56.21,55.87,56.17,4145715
2017-03-31,55.6,55.66,55.13,55.31,6589716
2017-04-03,55.15,55.27,55.04,55.27,3121347
2017-04-04,55.49,55.85,55.42,55.63,4433800
2017-04-05,55.49,55.76,55.49,55.71,6911597
2017-04-06,55.15,55.15,54.95,54.97,2991023
2017-04-07,55.4,55.91,55.16,55.9,3172881
2017-04-10,56.63,56.8,56.55,56.67,5488845
2017-04-11,56.38,56.74,56.27,56.54,3131506
2017-04-12,55.87,56.08,55.8,55.91,3277665
2017-04-13,56.64,56.8,56.4,56.49,2802132
2017-04-14,56.6,56.76,56.58,56.71,6395644
2017-04-17,55.22,55.34,55.02,55.28,2414174
2017-04-18,54.83,55.33,54.81,55.24,4695097
2017-04-19,55.41,55.64,55.38,55.53,3636531
2017-04-20,54.43,54.86,54.3,54.66,4212685
2017-04-21,54.93,54.96,54.54,54.88,6523988
2017-04-24,53.43,53.69,53.23,53.49,7812270
2017-04-25,54.72,54.89,54.68,54.81,7283203
2017-04-26,56.12,56.17,55.94,56.09,5119363
2017-04-27,55.66,55.88,55.5,55.86,4804759
2017-04-28,56.0,56.5,55.91,56.26,3643266
2017-05-01,53.34,53.91,53.26,53.9,2001528
2017-05-02,52.79,52.99,52.5,52.81,2409524
2017-05-03,52.56,52.63,52.55,52.56,2624932
2017-05-04,51.57,51.63,51.49,51.58,3279261
2017-05-05,52.15,52.32,51.91,52.27,3902570
2017-05-08,54.44,54.45,54.18,54.21,3024738
2017-05-09,52.94,53.26,52.72,53.1,2915685
2017-05-10,52.71,52.83,52.34,52.34,7070434
2017-05-11,52.52,52.6,52.49,52.59,3056288
2017-05-12,53.98,54.34,53.8,54.16,5117357
2017-05-15,52.92,53.2,52.84,53.01,5385210
2017-05-16,53.25,53.31,53.04,53.27,7368659
2017-05-17,55.16,55.38,54.9,55.08,7623857
2017-05-18,53.89,54.1,53.33,53.49,2262317
2017-05-19,52.32,52.37,52.06,52.3,6388008
2017-05-22,52.07,52.34,51.86,51.92,3019719
2017-05-23,51.65,51.72,51.43,51.47,7349998
2017-05-24,52.34,52.45,52.25,52.25,4429586
2017-05-25,52.9,52.98,52.33,52.5,3828172
2017-05-26,50.81,50.94,50.76,50.88,5843590
2017-05-29,51.25,51.43,51.15,51.38,6340327
2017-05-30,50.62,51.08,50.45,50.87,3970272
2017-05-31,52.02,52.24,51.91,52.08,7122908
2017-06-01,51.08,51.54,50.88,51.52,6088003
2017-06-02,51.08,51.11,50.88,50.96,7310934
2017-06-05,51.34,51.52,51.03,51.48,5688470
2017-06-06,52.35,52.4,52.12,52.22,6497224
2017-06-07,52.74,53.02,52.31,52.67,3308894
2017-06-08,50.87,51.3,50.66,51.12,6196003
2017-06-09,52.07,52.16,51.55,51.64,6008149
2017-06-12,50.56,50.98,50.55,50.72,4872923
2017-06-13,50.78,51.12,50.46,50.96,6392854
2017-06-14,49.61,50.07,49.55,49.69,3344061
2017-06-15,50.21,50.3,50.1,50.12,3005716
2017-06-16,49.21,49.46,49.12,49.42,3734748
2017-06-19,48.47,48.61,48.05,48.32,7063313
2017-06-20,48.99,49.18,48.95,48.97,6126080
2017-06-21,49.17,49.41,49.16,49.21,7643399
2017-06-22,48.48,48.78,48.17,48.69,4559529
2017-06-23,50.02,50.03,49.71,50.0,2745724
2017-06-26,49.58,49.7,49.51,49.63,7569043
2017-06-27,49.28,49.79,49.22,49.69,6236293
2017-06-28,50.01,50.25,49.93,49.95,5308097
2017-06-29,49.23,49.49,49.2,49.42,7979501
2017-06-30,49.8,49.88,49.73,49.87,7705569
2017-07-03,49.24,49.53,49.04,49.42,2329083
2017-07-04,49.0,49.17,48.79,49.08,2961334
2017-07-05,50.22,50.36,50.12,50.32,4450426
2017-07-06,49.33,49.62,49.3,49.41,5226337
2017-07-07,47.24,47.38,47.02,47.33,4765687
2017-07-10,48.61,48.94,48.45,48.75,6830696
2017-07-11,51.27,51.39,51.05,51.07,2249693
2017-07-12,50.8,51.08,50.56,50.72,3411495
2017-07-13,49.11,49.31,48.91,49.01,3321949
2017-07-14,49.01,49.31,48.65,48.76,5717248
2017-07-17,48.42,48.6,48.23,48.53,7553682
2017-07-18,48.47,48.51,48.12,48.39,5948182
2017-07-19,47.34,47.71,47.29,47.45,5437351
2017-07-20,47.81,48.24,47.8,47.98,6152430
2017-07-21,48.7,48.74,48.35,48.46,7886833
2017-07-24,47.02,47.23,46.91,47.19,6551885
2017-07-25,48.28,48.52,47.74,47.81,5228110
2017-07-26,50.1,50.25,49.63,49.64,2852213
2017-07-27,49.38,49.9,49.3,49.82,4054928
2017-07-28,49.72,49.97,49.32,49.54,5024019
2017-07-31,49.27,49.54,49.14,49.44,7494752
2017-08-01,50.12,50.2,49.92,50.01,4086585
2017-08-02,48.54,48.55,48.46,48.5,6743150
2017-08-03,48.17,48.75,48.02,48.67,5065152
2017-08-04,48.37,48.41,48.01,48.36,4724143
2017-08-07,50.27,50.3,49.85,50.02,3019157
2017-08-08,49.93,50.07,49.88,49.89,7765841
2017-08-09,51.81,51.89,51.39,51.43,7947063
2017-08-10,50.29,50.66,50.21,50.44,2249438
2017-08-11,51.39,51.49,50.8,51.01,3935090
2017-08-14,51.32,51.35,51.27,51.33,6672755
2017-08-15,50.29,50.7,50.2,50.55,4968473
2017-08-16,50.85,50.9,50.73,50.74,6809304
2017-08-17,52.24,52.37,51.59,51.89,7633515
2017-08-18,51.65,51.79,51.47,51.61,4006738
2017-08-21,50.13,50.17,50.05,50.09,3499241
2017-08-22,50.12,50.28,49.65,50.1,5281937
2017-08-23,48.88,49.47,48.82,49.31,5384216
2017-08-24,49.43,49.53,48.98,49.04,4452762
2017-08-25,49.36,49.5,48.87,48.99,6810574
2017-08-28,47.82,47.84,47.32,47.53,6030831
2017-08-29,46.27,46.42,46.15,46.19,5620238
2017-08-30,46.64,46.91,46.51,46.62,2622209
2017-08-31,46.15,46.25,45.91,46.2,4675494
2017-09-01,44.42,44.51,44.08,44.14,3616298
2017-09-04,44.94,44.97,44.65,44.79,3446155
2017-09-05,44.83,45.23,44.78,45.04,7934506
2017-09-06,44.4,44.69,44.23,44.48,4106483
2017-09-07,43.52,43.64,43.4,43.46,4524020
2017-09-08,44.05,44.44,43.78,44.14,3091406
2017-09-11,44.57,44.81,44.34,44.44,7916602
2017-09-12,46.79,46.81,46.4,46.41,5284181
2017-09-13,47.17,47.36,46.63,46.79,6952596
2017-09-14,47.27,47.35,47.06,47.14,2427361
2017-09-15,46.86,47.03,46.77,47.02,6242403
2017-09-18,47.93,48.05,47.74,47.74,4748070
2017-09-19,48.07,48.41,47.86,48.31,2700075
2017-09-20,49.34,49.63,49.33,49.43,7795217
2017-09-21,48.86,49.42,48.76,49.0,2961794
2017-09-22,48.6,48.7,48.42,48.64,6192288
2017-09-25,48.31,48.33,48.17,48.24,5773956
2017-09-26,49.17,49.19,48.91,48.96,2819860
2017-09-27,50.39,50.49,49.97,50.32,3277847
2017-09-28,49.61,50.17,49.35,49.94,2614357
2017-09-29,49.71,49.83,49.49,49.58,3959631
2017-10-02,50.05,50.23,49.87,49.89,5905212
2017-10-03,49.86,49.89,49.53,49.69,2641697
2017-10-04,50.44,50.64,50.43,50.57,6111039
2017-10-05,48.56,48.59,48.52,48.59,7795409
2017-10-06,47.81,48.05,47.68,47.9,6704932
2017-10-09,47.42,47.54,47.07,47.25,3343621
2017-10-10,45.0,45.42,44.81,45.34,6002038
2017-10-11,44.5,44.64,44.29,44.58,2296761
2017-10-12,44.12,44.17,43.83,43.88,6994623
2017-10-13,43.66,43.85,43.66,43.74,6244880
2017-10-16,44.89,44.95,44.54,44.65,6139777
2017-10-17,44.62,44.67,44.36,44.47,2480862
2017-10-18,43.35,43.69,43.09,43.68,4128179
2017-10-19,43.5,43.76,43.44,43.65,6604823
2017-10-20,44.85,44.99,44.43,44.51,6449102
2017-10-23,43.45,43.93,43.34,43.76,5102818
2017-10-24,42.96,43.17,42.81,43.07,6494533
2017-10-25,43.54,43.55,43.5,43.52,4701875
2017-10-26,43.42,43.44,43.3,43.37,3463455
2017-10-27,44.19,44.36,43.83,43.9,3451002
2017-10-30,43.74,44.05,43.56,43.91,7333935
2017-10-31,44.52,44.73,44.26,44.49,4219657
2017-11-01,43.83,44.01,43.54,43.69,4792706
2017-11-02,43.65,43.85,43.51,43.71,5877707
2017-11-03,43.4,43.66,43.39,43.56,7130427
2017-11-06,42.56,42.78,42.5,42.64,7729194
2017-11-07,41.28,41.5,41.02,41.48,5857622
2017-11-08,42.01,42.22,41.99,42.01,5506655
2017-11-09,41.95,41.96,41.72,41.77,7883367
2017-11-10,40.94,41.18,40.86,41.03,3731426
2017-11-13,41.09,41.23,40.97,40.98,6907153
2017-11-14,41.5,41.97,41.49,41.84,5112919
2017-11-15,39.88,40.39,39.79,40.18,5104167
2017-11-16,39.32,39.35,38.89,39.13,7596382
2017-11-17,38.48,38.62,38.16,38.5,4478122
2017-11-20,39.62,39.78,39.38,39.55,7877836
2017-11-21,39.53,40.0,39.42,39.77,6496603
2017-11-22,40.19,40.42,40.13,40.34,6744179
2017-11-23,39.73,39.85,39.44,39.54,6747897
2017-11-24,38.77,38.82,38.49,38.78,7482884
2017-11-27,39.21,39.25,38.98,39.11,6121685
2017-11-28,39.17,39.22,39.14,39.17,4464214
2017-11-29,39.76,39.93,39.47,39.58,2229328
2017-11-30,39.37,39.63,39.34,39.46,2410236
2017-12-01,39.31,39.88,39.28,39.68,2115237
2017-12-04,39.66,39.99,39.57,39.81,6062256
2017-12-05,40.48,40.57,40.37,40.4,4268710
2017-12-06,41.05,41.16,40.98,41.01,5972509
2017-12-07,39.8,39.89,39.72,39.85,3185581
2017-12-08,38.47,38.64,38.21,38.29,6543665
2017-12-11,38.91,39.01,38.9,39.01,5011703
2017-12-12,39.68,39.98,39.47,39.87,6443015
2017-12-13,39.3,39.37,38.89,39.16,3576638
2017-12-14,37.78,37.94,37.51,37.89,3506024
2017-12-15,38.01,38.1,37.9,37.98,6551199
2017-12-18,38.41,38.71,38.38,38.64,6448188
2017-12-19,39.69,40.14,39.66,39.93,5746199
2017-12-20,40.21,40.41,39.98,40.32,7113010
2017-12-21,40.43,40.44,39.97,40.07,6085579
2017-12-22,39.53,39.59,39.37,39.45,5789780
2017-12-25,39.44,39.64,39.05,39.48,7762540
2017-12-26,39.22,39.61,39.1,39.29,7025324
2017-12-27,38.63,38.78,38.48,38.6,7098154
2017-12-28,40.09,40.28,40.0,40.07,3278223
2017-12-29,41.51,41.58,41.28,41.4,3373917
2018-01-01,42.62,42.75,42.25,42.27,5299798
2018-01-02,41.54,41.63,41.35,41.6,6204147
2018-01-03,42.71,42.91,42.13,42.27,5280658
2018-01-04,42.44,42.83,42.4,42.78,3006095
2018-01-05,43.18,43.34,43.08,43.14,2413089
2018-01-08,44.01,44.24,43.98,44.14,6510680
2018-01-09,44.77,44.81,44.61,44.67,3056174
2018-01-10,45.05,45.71,45.05,45.29,4628538
2018-01-11,45.69,45.99,45.55,45.84,7525984
2018-01-12,46.15,46.52,46.04,46.15,4126088
2018-01-15,44.46,44.81,44.44,44.71,6257887
2018-01-16,45.36,45.56,44.73,44.8,5650078
2018-01-17,44.58,44.66,44.31,44.38,6724412
2018-01-18,43.53,43.7,43.25,43.39,2797261
2018-01-19,44.81,45.0,44.42,44.74,5363480
2018-01-22,46.27,46.33,46.11,46.18,3350771
2018-01-23,47.32,47.45,47.09,47.35,2942472
2018-01-24,47.64,47.65,47.43,47.59,7169860
2018-01-25,48.74,48.97,48.56,48.78,5374091
2018-01-26,48.61,48.88,48.52,48.82,3579920
2018-01-29,48.99,49.26,48.87,49.02,2858185
2018-01-30,48.37,48.52,48.06,48.09,6453701
2018-01-31,48.52,48.58,48.4,48.46,3823330
2018-02-01,48.86,49.04,48.21,48.54,6184900
2018-02-02,47.63,47.8,47.37,47.44,6069487
2018-02-05,47.85,47.88,47.35,47.42,5731669
2018-02-06,47.42,47.49,47.27,47.37,6393487
2018-02-07,48.99,49.21,48.9,48.95,5457901
2018-02-08,49.69,49.9,49.52,49.77,6464849
2018-02-09,50.05,50.13,49.6,49.81,4905358
2018-02-12,49.97,50.11,49.86,50.06,7469603
2018-02-13,50.25,50.39,50.05,50.12,3020351
2018-02-14,49.62,50.0,49.31,49.96,6970298
2018-02-15,48.93,49.03,48.84,49.02,7228222
2018-02-16,49.2,49.24,48.83,48.92,5595854
2018-02-19,48.39,48.41,48.12,48.29,4982651
2018-02-20,47.5,47.53,47.15,47.24,7748658
2018-02-21,47.6,48.01,47.59,47.7,3303991
2018-02-22,48.02,48.14,47.84,48.06,6439629
2018-02-23,46.25,46.73,46.13,46.56,5139505
2018-02-26,46.48,46.66,46.24,46.48,7047670
2018-02-27,47.5,47.67,47.34,47.35,6840691
2018-02-28,48.24,48.3,48.17,48.28,6991491
2018-03-01,49.23,49.43,49.18,49.2,2141209
2018-03-02,49.08,49.28,48.93,49.26,3625826
2018-03-05,48.38,48.63,48.31,48.54,3440834
2018-03-06,47.63,47.77,47.58,47.63,3049430
2018-03-07,48.1,48.46,47.94,47.95,4125911
2018-03-08,48.23,48.5,48.21,48.3,2323135
2018-03-09,49.6,49.67,49.13,49.46,3805645
2018-03-12,50.71,51.05,50.32,50.48,6848289
2018-03-13,50.28,50.42,50.1,50.38,3431445
2018-03-14,49.06,49.52,48.67,49.29,6404426
2018-03-15,48.59,49.18,48.55,49.03,2307491
2018-03-16,49.3,49.3,49.14,49.25,4715110
2018-03-19,48.95,49.35,48.89,49.09,6847575
2018-03-20,48.63,48.83,48.36,48.61,2046627
2018-03-21,48.73,48.89,48.68,48.86,5442914
2018-03-22,48.39,48.49,48.2,48.44,4520762
2018-03-23,47.99,48.04,47.78,47.92,6911910
2018-03-26,48.14,48.41,48.04,48.21,6982909
2018-03-27,48.09,48.16,47.63,47.89,5972008
2018-03-28,47.97,48.16,47.72,48.12,6216821
2018-03-29,48.26,48.41,47.98,48.38,2192901
2018-03-30,47.35,47.58,47.35,47.43,3325010
2018-04-02,47.12,47.17,46.96,47.04,2917685
2018-04-03,48.09,48.35,47.96,48.3,4039769
2018-04-04,47.54,47.68,47.23,47.32,7975522
2018-04-05,45.25,45.77,45.13,45.58,4204177
2018-04-06,44.06,44.16,43.9,44.1,2858628
2018-04-09,44.2,44.43,44.13,44.14,4875538
2018-04-10,43.92,44.37,43.9,44.19,5654805
2018-04-11,44.18,44.24,43.93,44.12,6325474
2018-04-12,45.26,45.39,45.07,45.11,7161620
2018-04-13,43.06,43.18,42.99,43.02,5104030
2018-04-16,43.33,43.51,43.21,43.35,2286847
2018-04-17,44.59,44.71,44.55,44.6,7928827
2018-04-18,43.73,43.75,43.44,43.73,6916682
2018-04-19,43.62,43.62,43.38,43.45,6092015
2018-04-20,42.84,42.9,42.77,42.89,6439547
2018-04-23,42.14,42.27,42.08,42.23,2829140
2018-04-24,42.15,42.34,41.97,42.0,5150288
2018-04-25,43.22,43.27,43.02,43.11,7827921
2018-04-26,44.77,44.85,44.49,44.59,5979252
2018-04-27,44.14,44.43,44.11,44.34,4536213
2018-04-30,46.11,46.16,45.91,45.91,2379314
2018-05-01,45.93,46.09,45.79,45.96,4805801
2018-05-02,47.28,47.49,47.22,47.46,2123182
2018-05-03,47.55,47.72,47.17,47.4,3685642
2018-05-04,47.6,47.64,47.47,47.54,2946681
2018-05-07,47.67,47.9,47.52,47.88,3917911
2018-05-08,50.67,50.74,50.5,50.72,7568149
2018-05-09,51.66,51.83,51.42,51.53,5738981
2018-05-10,50.54,51.06,50.44,50.9,5230949
2018-05-11,51.94,52.07,51.68,51.83,4785964
2018-05-14,51.47,51.65,51.33,51.51,2528064
2018-05-15,51.19,51.31,50.96,51.09,3116713
2018-05-16,51.49,52.08,51.47,51.96,6848797
2018-05-17,52.34,52.54,51.95,52.01,6482048
2018-05-18,52.17,52.36,52.17,52.3,5828113
2018-05-21,52.22,52.46,52.07,52.34,2794244
2018-05-22,52.63,52.73,52.63,52.68,5225770
2018-05-23,53.23,53.52,52.96,53.11,6061089
2018-05-24,51.29,51.44,51.12,51.32,2376344
2018-05-25,52.29,52.5,51.93,51.96,4256513
2018-05-28,51.03,51.22,50.87,51.08,7056877
2018-05-29,50.12,50.22,49.58,49.8,5110915
2018-05-30,49.73,49.8,49.63,49.77,5762032
2018-05-31,49.87,49.88,49.66,49.87,2261068
2018-06-01,48.96,49.38,48.82,49.27,3456124
2018-06-04,49.88,50.38,49.86,50.04,6071205
2018-06-05,48.93,49.12,48.79,48.87,6623888
2018-06-06,48.26,48.57,48.04,48.54,2953434
2018-06-07,48.38,48.51,47.88,48.06,6958663
2018-06-08,48.08,48.16,47.9,48.04,7809244
2018-06-11,48.24,48.43,48.2,48.31,2232563
2018-06-12,47.44,47.5,47.3,47.46,4341291
2018-06-13,48.43,48.59,48.01,48.11,6062944
2018-06-14,48.34,48.44,48.01,48.19,6458725
2018-06-15,46.24,46.74,46.02,46.6,3159975
2018-06-18,44.93,45.07,44.87,45.0,2317398
2018-06-19,45.18,45.4,44.76,45.02,3635654
2018-06-20,44.71,45.03,44.57,44.86,7143998
2018-06-21,44.86,44.93,44.62,44.8,5170399
2018-06-22,44.39,44.84,44.34,44.8,7492165
2018-06-25,44.9,45.13,44.84,45.0,7152236
2018-06-26,45.82,45.87,45.67,45.8,4750604
2018-06-27,45.05,45.13,44.88,44.92,2514595
2018-06-28,43.92,44.29,43.89,44.0,5438483
2018-06-29,43.33,43.38,43.13,43.17,5563428
2018-07-02,43.15,43.49,43.04,43.41,6466023
2018-07-03,44.38,44.53,44.21,44.42,5221839
2018-07-04,44.13,44.25,44.04,44.1,5243031
2018-07-05,41.91,42.45,41.63,42.18,2460946
2018-07-06,41.13,41.15,40.82,40.92,6335091
2018-07-09,40.38,40.44,40.32,40.33,4964913
2018-07-10,39.77,40.04,39.6,39.95,2399687
2018-07-11,39.77,39.82,39.49,39.68,5404935
2018-07-12,39.59,39.83,39.59,39.73,5894668
2018-07-13,39.42,39.52,39.4,39.52,4766641
2018-07-16,40.08,40.45,40.06,40.3,5942862
2018-07-17,39.77,39.89,39.73,39.83,2427411
2018-07-18,38.89,39.31,38.76,39.24,7425787
2018-07-19,39.63,39.72,39.52,39.59,7600808
2018-07-20,38.82,39.06,38.46,38.53,2067882
2018-07-23,38.76,38.9,38.71,38.83,6420208
2018-07-24,38.56,39.0,38.51,38.92,2357058
2018-07-25,38.76,38.96,38.66,38.83,4186605
2018-07-26,39.97,40.11,39.93,39.98,3775415
2018-07-27,39.58,39.62,39.54,39.55,2245156
2018-07-30,41.06,41.08,40.93,41.07,5893414
2018-07-31,41.17,41.27,40.91,40.92,2016329
2018-08-01,39.98,40.11,39.86,40.01,7113968
2018-08-02,40.02,40.18,39.9,40.08,2267219
2018-08-03,39.39,39.48,39.31,39.33,3944865
2018-08-06,38.89,39.02,38.76,38.82,5152082
2018-08-07,39.09,39.2,38.91,39.12,5060955
2018-08-08,39.5,39.74,39.48,39.54,3471697
2018-08-09,39.01,39.19,39.01,39.11,6814939
2018-08-10,39.95,40.09,39.82,39.84,2488532
2018-08-13,40.44,40.8,40.3,40.69,6779815
2018-08-14,41.8,41.84,41.64,41.78,3352705
2018-08-15,42.35,42.37,42.0,42.2,2761573
2018-08-16,43.26,43.32,43.18,43.27,5943787
2018-08-17,41.56,41.95,41.53,41.85,4370431
2018-08-20,41.61,41.74,41.46,41.64,7137676
2018-08-21,41.13,41.23,40.93,41.01,2015421
2018-08-22,41.16,41.24,41.05,41.12,5772321
2018-08-23,40.54,40.78,40.5,40.72,3241704
2018-08-24,40.99,41.01,40.43,40.62,7237507
2018-08-27,42.2,42.23,42.0,42.04,7518109
2018-08-28,41.96,42.05,41.87,41.93,5725332
2018-08-29,42.73,43.0,42.17,42.27,2110070
2018-08-30,42.06,42.2,41.84,42.11,3880455
2018-08-31,41.93,42.25,41.86,42.19,6642720
2018-09-03,42.19,42.24,42.12,42.21,6745829
2018-09-04,42.59,42.59,42.52,42.58,6229414
2018-09-05,43.23,43.67,43.21,43.5,2139523
2018-09-06,44.96,45.0,44.74,44.83,5719419
2018-09-07,45.29,45.44,45.06,45.11,5924578
2018-09-10,45.35,45.64,45.35,45.61,2021200
2018-09-11,44.58,44.74,44.53,44.7,4643089
2018-09-12,44.43,44.86,44.23,44.65,4910352
2018-09-13,45.2,45.54,45.1,45.44,6336607
2018-09-14,46.25,46.33,46.03,46.17,6898039
2018-09-17,46.39,46.54,46.19,46.37,3895927
2018-09-18,47.1,47.25,47.04,47.14,3623395
2018-09-19,47.64,47.66,47.42,47.58,2507236
2018-09-20,48.57,48.72,48.41,48.65,7362435
2018-09-21,48.8,49.25,48.71,48.92,4921290
2018-09-24,48.56,48.64,48.48,48.64,4915453
2018-09-25,48.91,49.02,48.71,48.96,7553071
2018-09-26,46.47,46.58,46.46,46.46,7866156
2018-09-27,46.9,47.1,46.59,46.81,3823975
2018-09-28,43.73,44.01,43.67,43.86,6349142
2018-10-01,42.49,42.57,42.48,42.54,7613192
2018-10-02,42.81,42.95,42.77,42.91,6221746
2018-10-03,43.19,43.5,43.16,43.3,3263040
2018-10-04,42.56,42.63,42.4,42.42,2252519
2018-10-05,41.78,41.99,41.7,41.9,5560671
2018-10-08,42.94,43.01,42.94,42.97,3522017
2018-10-09,42.45,42.65,42.38,42.62,3086319
2018-10-10,44.52,44.78,44.31,44.4,4904039
2018-10-11,44.61,44.83,44.21,44.42,6358889
2018-10-12,44.8,44.87,44.65,44.77,5555610
2018-10-15,46.47,46.48,45.91,46.11,6482671
2018-10-16,45.86,46.52,45.74,46.25,6390552
2018-10-17,45.31,45.54,45.2,45.44,7155195
2018-10-18,45.49,45.5,45.37,45.37,3773925
2018-10-19,45.08,45.37,44.89,45.37,6642199
2018-10-22,44.26,44.3,44.05,44.29,2984026
2018-10-23,44.12,44.18,44.08,44.11,2477140
2018-10-24,43.5,43.63,43.49,43.54,4771434
2018-10-25,44.29,44.42,44.05,44.3,7092269
2018-10-26,44.5,44.57,44.29,44.35,7768485
2018-10-29,44.33,44.38,43.99,44.14,2758608
2018-10-30,43.83,44.11,43.47,44.08,5323587
2018-10-31,44.05,44.34,43.93,44.28,3273027
2018-11-01,44.88,45.14,44.76,44.8,3621436
2018-11-02,43.81,44.13,43.78,44.02,5105006
2018-11-05,43.55,43.6,43.09,43.22,5530896
2018-11-06,44.1,44.17,43.99,44.11,4571619
2018-11-07,43.85,44.0,43.69,43.81,7226220
2018-11-08,42.7,42.79,42.47,42.73,5701529
2018-11-09,43.03,43.16,42.8,43.09,2732712
2018-11-12,43.35,43.58,43.27,43.48,3237412
2018-11-13,42.6,42.7,42.29,42.32,2128971
2018-11-14,42.57,42.74,42.4,42.51,6663176
2018-11-15,42.75,43.23,42.68,43.1,7962694
2018-11-16,43.3,43.52,43.24,43.41,4686855
2018-11-19,44.02,44.11,43.87,43.93,4040103
2018-11-20,42.93,43.09,42.84,42.86,3305797
2018-11-21,43.35,43.44,43.13,43.13,6230357
2018-11-22,42.97,43.0,42.92,42.92,2537424
2018-11-23,42.53,42.66,42.47,42.57,7361612
2018-11-26,43.23,43.31,43.07,43.26,2309014
2018-11-27,44.51,44.69,44.34,44.45,5884360
2018-11-28,46.04,46.07,45.76,45.94,4491565
2018-11-29,46.94,47.17,46.77,47.06,2007768
2018-11-30,46.93,47.02,46.75,46.99,2608873
2018-12-03,47.42,47.47,47.05,47.31,4882573
2018-12-04,48.02,48.08,47.81,48.0,5709362
2018-12-05,48.1,48.18,48.07,48.12,6813705
2018-12-06,48.42,48.57,48.07,48.26,5459172
2018-12-07,48.86,49.21,48.65,49.01,7882325
2018-12-10,49.1,49.29,48.93,48.98,6674326
2018-12-11,48.6,48.62,48.17,48.37,3286990
2018-12-12,48.03,48.06,47.83,48.03,7877884
2018-12-13,48.59,48.74,48.35,48.61,3283493
2018-12-14,48.43,48.76,48.4,48.63,3098258
2018-12-17,48.88,49.0,48.71,48.96,3588036
2018-12-18,49.44,49.65,49.44,49.57,3619339
2018-12-19,49.46,49.65,49.19,49.27,5815036
2018-12-20,49.91,50.11,49.79,49.97,5192032
2018-12-21,50.28,50.63,50.22,50.33,7960357
2018-12-24,49.46,49.66,48.94,49.25,4344990
2018-12-25,50.56,50.66,50.54,50.57,5848621
2018-12-26,50.25,50.27,49.82,50.14,5850076
2018-12-27,48.63,48.77,48.22,48.7,3507039
2018-12-28,47.89,47.98,47.75,47.81,4574661
2018-12-31,46.93,47.06,46.53,46.96,2795523
2019-01-01,47.27,47.35,46.87,47.03,6999432
2019-01-02,46.87,46.97,46.64,46.82,7175914
2019-01-03,46.3,46.81,46.26,46.56,6744536
2019-01-04,47.02,47.33,47.01,47.11,5512923
2019-01-07,47.18,47.44,47.16,47.42,7281667
2019-01-08,47.82,47.94,47.64,47.72,7930618
2019-01-09,48.25,48.29,47.93,48.1,5907648
2019-01-10,48.71,48.72,48.45,48.66,2403581
2019-01-11,46.77,46.93,46.75,46.87,2490071
2019-01-14,46.37,46.63,46.14,46.58,2379890
2019-01-15,44.81,44.99,44.68,44.81,4595597
2019-01-16,44.75,44.93,44.61,44.87,3879978
2019-01-17,45.05,45.06,44.79,44.88,2585781
2019-01-18,45.69,45.88,45.61,45.76,7440105
2019-01-21,46.86,47.01,46.74,46.77,2448112
2019-01-22,46.88,47.0,46.85,46.97,4688232
2019-01-23,46.77,46.81,46.45,46.57,4228148
2019-01-24,46.81,47.09,46.69,47.0,7753464
2019-01-25,46.51,46.78,46.48,46.58,5392520
2019-01-28,46.71,46.75,46.55,46.6,7880501
2019-01-29,47.78,47.92,47.44,47.46,4576371
2019-01-30,46.74,47.11,46.73,47.01,3453141
2019-01-31,47.48,47.76,47.38,47.72,5241330
2019-02-01,48.42,48.56,48.26,48.33,4207580
2019-02-04,47.83,47.84,47.42,47.53,5887588
2019-02-05,48.56,48.63,48.18,48.39,6270368
2019-02-06,49.17,49.21,48.95,49.03,7088835
2019-02-07,48.94,49.25,48.83,49.15,7964172
2019-02-08,48.55,48.61,48.22,48.5,4586499
2019-02-11,47.88,48.05,47.54,47.78,6814312
2019-02-12,47.38,47.49,47.24,47.34,5529168
2019-02-13,47.89,47.93,47.79,47.83,4922196
2019-02-14,47.18,47.45,46.94,47.04,6796987
2019-02-15,46.97,47.49,46.92,47.44,6339453
2019-02-18,46.03,46.55,45.94,46.41,5279815
2019-02-19,46.04,46.35,45.95,46.26,4332839
2019-02-20,46.39,46.54,46.19,46.38,5187323
2019-02-21,48.41,48.52,48.4,48.49,3227026
2019-02-22,47.07,47.38,47.05,47.32,3578606
2019-02-25,48.94,48.99,48.42,48.62,4991600
2019-02-26,48.74,48.8,48.53,48.78,3429339
2019-02-27,49.2,49.39,49.08,49.16,6897781
2019-02-28,49.48,49.55,49.13,49.29,4501933
2019-03-01,50.14,50.24,49.64,49.71,6847677
2019-03-04,49.59,49.97,49.53,49.6,2646735
2019-03-05,50.98,51.09,50.81,50.94,3656070
2019-03-06,50.3,50.58,50.16,50.55,4226608
2019-03-07,51.61,51.65,51.58,51.62,4252364
2019-03-08,50.79,51.07,50.37,51.05,6581464
2019-03-11,50.92,51.3,50.64,51.02,4847253
2019-03-12,50.22,50.3,49.75,50.07,2424950
2019-03-13,50.58,50.66,50.36,50.5,2352068
2019-03-14,52.06,52.11,51.73,51.86,5127841
2019-03-15,51.87,51.96,51.65,51.81,4319605
2019-03-18,51.9,51.94,51.48,51.66,7215274
2019-03-19,50.46,50.99,50.41,50.66,3282540
2019-03-20,50.72,50.76,50.32,50.47,6929862
2019-03-21,48.96,49.11,48.79,49.07,4965726
2019-03-22,48.22,48.33,47.9,48.3,5355201
2019-03-25,48.46,48.58,48.45,48.52,6863011
2019-03-26,50.07,50.52,49.65,49.71,6957614
2019-03-27,52.15,52.34,52.02,52.31,6061266
2019-03-28,51.89,51.89,51.76,51.79,6153334
2019-03-29,53.26,53.47,53.16,53.17,3996856
2019-04-01,53.45,53.53,53.35,53.43,2973629
2019-04-02,53.14,53.61,52.81,53.31,4909604
2019-04-03,53.51,53.82,53.46,53.76,6306990
2019-04-04,53.59,53.9,53.47,53.84,4865063
2019-04-05,54.21,54.29,53.97,53.98,4914062
2019-04-08,53.44,53.65,53.27,53.61,6405368
2019-04-09,52.05,52.42,52.04,52.3,2719817
2019-04-10,51.09,51.18,50.8,50.89,5978439
2019-04-11,51.65,51.7,51.31,51.52,7789576
2019-04-12,51.28,51.61,51.13,51.29,2721291
2019-04-15,50.66,50.84,50.64,50.77,6045368
2019-04-16,50.25,50.89,50.21,50.8,5127228
2019-04-17,51.4,51.61,51.32,51.56,7342097
2019-04-18,51.72,51.83,51.64,51.75,3625705
2019-04-19,50.95,51.29,50.86,51.17,7859633
2019-04-22,52.11,52.46,51.82,52.34,4576807
2019-04-23,54.32,54.37,53.77,53.88,7447611
2019-04-24,54.01,54.65,54.0,54.39,2631114
2019-04-25,55.44,55.56,55.37,55.37,4898666
2019-04-26,56.47,56.66,56.43,56.66,5493110
2019-04-29,57.89,57.95,57.52,57.85,6058782
2019-04-30,58.23,58.54,58.03,58.52,4156498
2019-05-01,59.46,59.66,59.15,59.18,6301361
2019-05-02,59.68,59.9,59.56,59.77,7877397
2019-05-03,59.03,59.19,58.5,58.63,6412708
2019-05-06,59.72,59.81,59.31,59.4,4228391
2019-05-07,57.78,58.18,57.41,58.0,2968296
2019-05-08,56.97,57.32,56.86,57.21,4699491
2019-05-09,58.28,58.6,58.14,58.59,2937756
2019-05-10,59.27,59.54,59.12,59.52,6603367
2019-05-13,61.46,61.48,61.16,61.16,5088316
2019-05-14,61.28,61.37,60.78,60.89,4331769
2019-05-15,59.53,59.77,59.39,59.67,6705494
2019-05-16,59.7,59.79,59.37,59.45,4372731
2019-05-17,59.57,59.83,59.5,59.58,4257597
2019-05-20,59.63,60.13,59.38,59.7,7171892
2019-05-21,60.92,61.15,60.83,60.96,5715068
2019-05-22,60.78,60.78,60.59,60.6,2962129
2019-05-23,60.52,61.07,60.23,61.01,6308534
2019-05-24,59.87,60.0,59.81,59.97,4184308
2019-05-27,60.33,60.7,60.0,60.48,4803683
2019-05-28,60.71,60.75,60.3,60.52,2725149
2019-05-29,59.91,60.01,59.71,59.74,2932194
2019-05-30,59.75,59.75,59.31,59.51,2762352
2019-05-31,59.5,59.76,59.13,59.34,4094599
2019-06-03,59.17,59.75,58.88,59.09,5790077
2019-06-04,60.83,61.04,60.5,61.03,6750261
2019-06-05,61.02,61.17,60.86,60.95,3833513
2019-06-06,60.63,61.07,60.52,60.72,6798931
2019-06-07,58.37,58.67,58.28,58.5,4316959
2019-06-10,57.08,57.72,57.05,57.59,6266129
2019-06-11,57.6,57.67,57.34,57.35,7242241
2019-06-12,56.45,56.85,56.41,56.67,5096797
2019-06-13,58.12,58.2,57.83,58.13,4295575
2019-06-14,58.43,58.45,57.9,57.99,5860989
2019-06-17,59.59,59.64,59.28,59.38,7007125
2019-06-18,59.36,59.62,59.36,59.47,4539607
2019-06-19,60.14,60.23,59.45,59.54,7871071
2019-06-20,59.73,59.82,59.29,59.48,5202689
2019-06-21,59.31,59.81,59.16,59.51,7795676
2019-06-24,61.3,61.75,60.95,61.41,3566182
2019-06-25,59.18,59.55,58.84,58.93,7989919
2019-06-26,57.07,57.36,56.61,56.87,7025436
2019-06-27,56.44,56.44,56.24,56.35,5906382
2019-06-28,56.12,56.5,56.11,56.39,7177057
2019-07-01,57.1,57.21,57.03,57.12,3270217
2019-07-02,57.84,57.9,57.55,57.64,7331350
2019-07-03,57.71,57.8,57.25,57.27,7244829
2019-07-04,58.4,58.53,58.15,58.36,2240937
2019-07-05,59.44,59.56,59.3,59.48,6309623
2019-07-08,59.66,60.02,59.65,59.71,5019744
2019-07-09,60.91,61.1,60.65,60.78,6480966
2019-07-10,60.67,61.44,60.53,61.11,6150427
2019-07-11,60.43,60.66,60.38,60.53,3527234
2019-07-12,61.3,61.44,61.18,61.33,6472816
2019-07-15,61.57,61.88,61.3,61.48,4589298
2019-07-16,61.5,61.62,61.44,61.51,5651284
2019-07-17,63.13,63.6,62.89,63.19,3796865
2019-07-18,60.38,60.55,60.37,60.5,4547482
2019-07-19,59.02,59.12,58.69,59.0,6881197
2019-07-22,57.91,57.92,57.49,57.78,7378519
2019-07-23,57.53,57.84,57.42,57.44,4204859
2019-07-24,57.43,57.5,56.76,57.2,3363776
2019-07-25,55.61,55.74,55.48,55.7,4048486
2019-07-26,54.88,55.14,54.48,54.75,3779391
2019-07-29,53.6,54.15,53.56,53.93,2547943
2019-07-30,56.33,56.43,56.24,56.4,2181067
2019-07-31,58.62,58.72,58.09,58.29,4616451
2019-08-01,57.68,57.91,57.62,57.89,5564537
2019-08-02,57.7,57.86,57.45,57.54,4641586
2019-08-05,56.25,56.53,56.1,56.39,4078318
2019-08-06,54.54,54.71,54.39,54.51,7611803
2019-08-07,54.09,54.45,54.07,54.42,5481877
2019-08-08,53.86,54.07,53.41,53.48,5155064
2019-08-09,53.75,53.9,53.33,53.43,2877580
2019-08-12,51.79,51.97,51.7,51.94,4355423
2019-08-13,51.05,51.31,50.97,51.25,6434440
2019-08-14,51.09,51.74,51.06,51.42,5755591
2019-08-15,51.83,51.85,51.45,51.78,3163698
2019-08-16,52.25,52.28,52.16,52.2,7843882
2019-08-19,51.12,51.4,50.98,51.0,4700854
2019-08-20,51.91,51.95,51.66,51.82,3141078
2019-08-21,50.9,51.37,50.78,51.1,5395569
2019-08-22,51.94,52.17,51.69,51.71,7351956
2019-08-23,52.06,52.07,51.71,51.73,3191622
2019-08-26,50.43,50.68,50.21,50.49,5222749
2019-08-27,50.11,50.53,50.01,50.23,6918135
2019-08-28,50.54,50.86,50.54,50.58,7880415
2019-08-29,51.1,51.18,50.98,51.17,7323101
2019-08-30,51.25,51.52,51.06,51.07,3612810
2019-09-02,52.72,52.98,52.5,52.52,5285238
2019-09-03,53.65,53.69,53.41,53.51,5754221
2019-09-04,53.23,53.37,53.18,53.29,2284964
2019-09-05,54.06,54.1,53.74,54.04,6056469
2019-09-06,56.22,56.43,55.82,55.98,2117755
2019-09-09,58.17,58.19,57.76,58.02,5540295
2019-09-10,56.84,56.89,56.61,56.78,2264223
2019-09-11,55.95,56.16,55.8,55.87,7393026
2019-09-12,57.68,57.75,57.4,57.41,2684644
2019-09-13,56.28,56.36,56.25,56.36,7207782
2019-09-16,54.84,55.08,54.84,55.06,5627765
2019-09-17,54.54,54.85,54.3,54.61,4583778
2019-09-18,55.47,55.58,54.99,55.05,2164380
2019-09-19,54.8,55.09,54.79,54.97,2189889
2019-09-20,54.63,54.84,54.3,54.36,6561218
2019-09-23,53.5,54.06,53.47,53.73,3996459
2019-09-24,53.09,53.3,53.0,53.07,3841074
2019-09-25,52.41,52.43,52.18,52.27,4237019
2019-09-26,54.41,54.7,54.18,54.48,5555028
2019-09-27,54.67,54.98,54.46,54.8,2232273
2019-09-30,55.81,55.95,55.37,55.71,7354568
2019-10-01,55.03,55.51,54.96,55.25,7698344
2019-10-02,55.34,55.4,54.92,55.1,3450793
2019-10-03,54.3,54.52,54.26,54.42,7707512
2019-10-04,52.02,52.11,51.73,51.91,7849702
2019-10-07,50.55,50.99,50.47,50.66,5577608
2019-10-08,49.05,49.31,48.88,49.06,7857382
2019-10-09,47.12,47.15,47.04,47.14,3620070
2019-10-10,46.35,46.54,46.06,46.16,4004434
2019-10-11,47.41,47.51,47.08,47.3,2426741
2019-10-14,47.07,47.47,46.99,47.28,5070937
2019-10-15,48.14,48.67,48.09,48.42,6328146
2019-10-16,48.58,48.9,48.51,48.8,2275264
2019-10-17,49.36,49.66,49.19,49.52,4353135
2019-10-18,48.96,49.1,48.61,48.75,2162315
2019-10-21,49.27,49.35,49.08,49.23,4031970
2019-10-22,50.13,50.37,49.84,49.91,3979333
2019-10-23,49.27,49.46,49.01,49.42,4156515
2019-10-24,49.89,50.02,49.86,49.94,4406643
2019-10-25,50.39,50.57,50.33,50.48,6644646
2019-10-28,49.7,50.18,49.61,50.01,3017724
2019-10-29,49.27,49.32,48.89,49.03,2365491
2019-10-30,47.82,48.17,47.73,48.02,5055050
2019-10-31,47.88,48.16,47.88,48.12,6435999
2019-11-01,48.49,48.7,48.42,48.43,6863281
2019-11-04,47.97,48.32,47.74,47.77,3307900
2019-11-05,47.97,48.16,47.6,47.81,3363447
2019-11-06,48.43,48.55,48.32,48.33,2313288
2019-11-07,49.2,49.3,48.71,48.9,6590950
2019-11-08,50.19,50.37,49.85,50.31,4105271
2019-11-11,51.16,51.58,50.97,51.5,2103841
2019-11-12,50.72,50.77,50.52,50.61,7284048
2019-11-13,52.12,52.33,51.97,52.19,3331504
2019-11-14,51.85,51.89,51.67,51.72,7591224
2019-11-15,53.13,53.23,52.65,52.73,4133193
2019-11-18,53.05,53.2,52.65,52.82,2648942
2019-11-19,52.53,52.65,52.36,52.46,6972103
2019-11-20,50.69,50.94,50.46,50.8,5406205
2019-11-21,50.9,51.02,50.56,50.67,6530899
2019-11-22,49.51,49.74,49.08,49.29,4235797
2019-11-25,50.35,50.4,49.93,50.18,2195827
2019-11-26,51.66,51.73,51.58,51.6,4319960
2019-11-27,50.71,50.99,50.56,50.89,3658151
2019-11-28,51.26,51.3,51.12,51.19,3201908
2019-11-29,50.82,51.0,50.26,50.55,7502573
2019-12-02,49.88,50.12,49.72,50.01,2462757
2019-12-03,50.87,50.9,50.53,50.74,3876521
2019-12-04,51.14,51.27,50.67,50.73,3323918
2019-12-05,52.52,52.97,52.29,52.37,6000389
2019-12-06,52.08,52.27,51.89,51.94,4294704
2019-12-09,52.96,52.97,52.87,52.91,5236283
2019-12-10,53.2,53.27,52.86,53.03,5804598
2019-12-11,54.5,54.58,53.77,53.82,6761359
2019-12-12,53.27,53.42,53.2,53.42,3126673
2019-12-13,53.26,53.44,53.24,53.4,6391229
2019-12-16,53.39,53.5,53.13,53.31,3702381
2019-12-17,52.34,52.76,52.03,52.54,4301606
2019-12-18,53.03,53.5,52.95,53.2,5455263
2019-12-19,53.65,53.99,53.6,53.85,3786603
2019-12-20,54.47,54.58,54.37,54.46,4444849
2019-12-23,55.56,56.35,55.49,56.01,2529058
2019-12-24,57.37,57.73,57.37,57.52,2803376
2019-12-25,56.9,57.23,56.79,57.16,7422773
2019-12-26,57.49,57.77,57.29,57.58,5619818
2019-12-27,57.07,57.1,56.82,56.96,4922393
2019-12-30,57.12,57.29,56.94,57.01,7613947
2019-12-31,56.45,56.53,56.22,56.43,2053744
2020-01-01,58.26,58.35,58.0,58.13,6943750
2020-01-02,58.47,58.88,58.36,58.54,6708793
2020-01-03,58.32,58.36,58.13,58.34,5349188
2020-01-06,59.46,59.65,59.4,59.64,3620637
2020-01-07,57.42,57.49,57.35,57.38,5445905
2020-01-08,55.29,55.44,55.22,55.37,3467094
2020-01-09,55.82,56.28,55.79,56.19,5878818
2020-01-10,56.29,56.65,56.19,56.28,6063747
2020-01-13,57.07,57.11,56.5,56.56,7520402
2020-01-14,54.91,55.33,54.78,55.26,7594805
2020-01-15,55.28,55.42,55.26,55.26,5863982
2020-01-16,56.91,57.54,56.72,57.32,7898494
2020-01-17,58.57,58.71,58.13,58.21,3582553
2020-01-20,58.85,59.17,58.23,58.41,3371959
2020-01-21,58.23,58.39,57.91,57.98,4127332
2020-01-22,57.94,57.99,57.54,57.6,5189742
2020-01-23,55.42,55.64,55.37,55.46,3195398
2020-01-24,55.59,56.08,55.4,55.75,6310238
2020-01-27,56.32,56.77,56.25,56.63,4722852
2020-01-28,55.06,55.3,54.94,55.08,5270505
2020-01-29,54.65,54.7,54.42,54.45,3500717
2020-01-30,53.45,53.51,53.16,53.35,6027542
2020-01-31,52.41,52.56,52.41,52.46,5354525
2020-02-03,52.89,53.04,52.28,52.54,6148653
2020-02-04,50.37,51.01,50.21,50.63,5246760
2020-02-05,51.05,51.23,51.01,51.22,3314421
2020-02-06,52.14,52.26,51.9,51.94,5005143
2020-02-07,51.34,51.77,51.31,51.74,2344259
2020-02-10,49.25,49.66,49.09,49.5,4969804
2020-02-11,48.62,48.65,48.57,48.65,6594378
2020-02-12,49.88,49.98,49.72,49.76,6704865
2020-02-13,47.47,47.55,47.3,47.36,2513939
2020-02-14,47.31,47.43,47.02,47.09,6230339
2020-02-17,46.22,46.29,46.06,46.12,5092493
2020-02-18,46.64,46.93,46.62,46.82,7400442
2020-02-19,46.2,46.31,46.13,46.27,5001215
2020-02-20,46.55,47.01,46.49,46.63,7424033
2020-02-21,47.29,47.41,47.0,47.14,7991674
2020-02-24,48.88,49.14,48.6,48.74,3416137
2020-02-25,48.5,48.64,48.46,48.59,4200446
2020-02-26,48.62,48.99,48.49,48.94,3428239
2020-02-27,47.71,47.88,47.61,47.68,2942051
2020-02-28,48.44,48.99,48.43,48.73,4249282
2020-03-02,47.89,48.15,47.72,48.1,5782434
2020-03-03,47.66,47.79,47.5,47.64,3861692
2020-03-04,47.69,47.93,47.63,47.64,4330172
2020-03-05,46.2,46.58,46.11,46.34,6086921
2020-03-06,46.56,46.78,46.28,46.56,5184126
2020-03-09,47.46,47.54,47.34,47.4,7618544
2020-03-10,48.0,48.14,47.67,47.67,6459553
2020-03-11,46.49,46.55,46.31,46.35,7620890
2020-03-12,46.13,46.29,45.97,46.27,7988719
2020-03-13,46.83,47.1,46.83,46.92,3293719
2020-03-16,45.43,45.46,45.34,45.38,3883157
2020-03-17,44.68,44.77,44.52,44.53,3992450
2020-03-18,45.26,45.3,45.09,45.27,3409013
2020-03-19,45.49,45.66,45.48,45.51,5047091
2020-03-20,46.13,46.27,45.81,45.87,5473923
2020-03-23,47.46,47.47,47.25,47.46,7915024
2020-03-24,47.5,47.98,47.42,47.88,2250488
2020-03-25,49.01,49.19,48.46,48.48,4570536
2020-03-26,50.85,51.12,50.73,50.92,7884082
2020-03-27,50.66,50.86,50.57,50.75,6592679
2020-03-30,50.12,50.23,49.93,50.06,6427368
2020-03-31,50.49,50.55,50.38,50.47,3946552
2020-04-01,51.06,51.07,50.72,50.89,7018050
2020-04-02,50.46,50.62,50.42,50.44,6321729
2020-04-03,49.66,49.89,49.44,49.54,7299330
2020-04-06,51.5,51.69,51.39,51.66,6073832
2020-04-07,51.51,52.01,51.45,51.99,3138199
2020-04-08,51.41,51.57,51.24,51.34,5062449
2020-04-09,52.0,52.29,51.56,52.22,4955053
2020-04-10,51.81,52.3,51.65,52.14,2493765
2020-04-13,51.96,51.96,51.81,51.93,4234031
2020-04-14,52.51,52.67,52.47,52.49,7856280
2020-04-15,51.4,51.6,51.28,51.31,6329507
2020-04-16,51.87,51.9,51.58,51.66,5120474
2020-04-17,53.45,53.58,53.32,53.49,2684285
2020-04-20,53.62,54.06,53.54,53.97,2020722
2020-04-21,53.8,53.84,53.54,53.63,5642318
2020-04-22,53.3,53.35,53.02,53.17,7914753
2020-04-23,52.58,52.81,52.34,52.81,7893726
2020-04-24,52.99,53.1,52.39,52.59,4596612
2020-04-27,52.09,52.28,52.09,52.26,2886824
2020-04-28,53.37,53.38,53.09,53.16,5676420
2020-04-29,51.7,51.76,51.44,51.55,5705876
2020-04-30,52.17,52.57,52.01,52.39,5449620
2020-05-01,51.95,52.21,51.63,52.05,4860795
2020-05-04,52.56,52.65,52.36,52.43,4654371
2020-05-05,51.62,51.67,51.35,51.41,4625389
2020-05-06,52.53,52.8,52.34,52.68,6880623
2020-05-07,53.76,54.12,53.48,53.9,5730138
2020-05-08,54.58,54.91,54.53,54.87,3133075
2020-05-11,53.69,53.84,53.26,53.42,2624592
2020-05-12,54.44,54.49,53.98,54.25,5686596
2020-05-13,54.64,54.71,54.64,54.67,7877638
2020-05-14,52.87,53.19,52.68,53.14,4911926
2020-05-15,53.11,53.35,52.88,53.14,3428941
2020-05-18,53.52,53.68,53.3,53.52,2018605
2020-05-19,54.19,54.42,53.92,54.09,2514794
2020-05-20,53.89,54.32,53.89,54.29,6087646
2020-05-21,54.75,55.16,54.57,54.6,2421372
2020-05-22,56.03,56.45,56.01,56.09,2812510
2020-05-25,57.6,57.78,57.26,57.37,7460751
2020-05-26,54.64,54.66,54.38,54.52,3197172
2020-05-27,54.01,54.53,53.95,54.23,5454415
2020-05-28,54.1,54.16,54.04,54.1,7412606
2020-05-29,52.34,52.68,52.27,52.45,3439834
2020-06-01,52.6,52.74,52.54,52.56,3864426
2020-06-02,53.6,53.9,53.57,53.78,3543833
2020-06-03,52.67,52.77,52.34,52.77,4525184
2020-06-04,53.01,53.17,52.97,53.11,4753971
2020-06-05,51.89,52.32,51.86,52.27,5581882
2020-06-08,51.76,51.96,51.47,51.67,3146467
2020-06-09,53.49,53.64,52.93,53.09,4887654
2020-06-10,52.51,52.79,52.46,52.6,6737473
2020-06-11,53.15,53.37,53.01,53.07,4043090
2020-06-12,51.25,51.34,51.16,51.33,5643391
2020-06-15,52.58,53.33,52.57,53.11,7523284
2020-06-16,53.5,53.96,53.5,53.72,3926699
2020-06-17,53.91,53.97,53.55,53.57,2353877
2020-06-18,54.63,54.85,54.0,54.15,3773064
2020-06-19,52.82,52.86,52.8,52.82,5528223
2020-06-22,53.8,54.02,53.49,53.98,7288477
2020-06-23,53.87,53.94,53.63,53.7,2718857
2020-06-24,53.33,53.67,53.13,53.53,4505765
2020-06-25,53.14,53.19,53.05,53.08,7177761
2020-06-26,52.56,52.63,52.26,52.56,5752012
2020-06-29,53.08,53.25,52.91,53.24,6044176
2020-06-30,53.64,53.73,53.51,53.52,4369571
2020-07-01,54.16,54.19,54.03,54.18,7300923
2020-07-02,54.57,54.57,54.14,54.19,2379729
2020-07-03,54.97,55.36,54.68,54.72,4709227
2020-07-06,54.36,54.44,54.23,54.34,5280125
2020-07-07,56.3,56.62,56.26,56.59,6566532
2020-07-08,54.83,55.28,54.81,55.05,4348929
2020-07-09,56.58,56.6,56.21,56.34,5145933
2020-07-10,57.96,58.27,57.75,57.77,2051378
2020-07-13,56.66,57.32,56.33,56.92,7304270
2020-07-14,59.29,59.51,59.01,59.28,4765471
2020-07-15,60.2,60.7,59.94,60.38,2021144
2020-07-16,61.2,61.62,61.15,61.48,5766079
2020-07-17,61.12,61.71,60.92,61.54,4388022
2020-07-20,61.3,61.49,61.25,61.33,6588305
2020-07-21,61.12,61.28,60.96,61.13,7143445
2020-07-22,61.49,61.69,61.12,61.59,2395704
2020-07-23,62.88,63.36,62.78,63.2,3985271
2020-07-24,63.51,63.63,63.32,63.44,3913611
2020-07-27,62.29,62.77,62.12,62.43,2640811
2020-07-28,63.57,63.65,63.13,63.4,2123779
2020-07-29,64.55,64.8,64.11,64.49,5219377
2020-07-30,65.17,65.45,65.16,65.29,6418367
2020-07-31,66.44,66.52,66.03,66.2,3553806
2020-08-03,65.72,66.2,65.66,65.92,3409865
2020-08-04,64.67,64.98,64.33,64.85,3675512
2020-08-05,63.89,63.93,63.8,63.88,7547508
2020-08-06,62.24,62.32,61.84,62.06,6515205
2020-08-07,62.31,62.52,62.03,62.36,4550569
2020-08-10,62.32,62.46,62.25,62.29,2748309
2020-08-11,61.9,62.05,61.75,61.83,4662079
2020-08-12,58.58,58.67,58.36,58.66,7725220
2020-08-13,57.44,57.66,57.14,57.38,2574507
2020-08-14,58.63,58.66,58.37,58.58,3142891
2020-08-17,57.53,57.93,57.43,57.92,5478719
2020-08-18,58.62,58.69,58.07,58.32,6911862
2020-08-19,57.24,57.32,56.75,56.91,7651490
2020-08-20,58.47,58.58,58.42,58.43,2673329
2020-08-21,58.55,58.59,58.26,58.31,3215883
2020-08-24,58.68,58.69,58.45,58.64,4964929
2020-08-25,61.38,61.59,61.06,61.18,5242132
2020-08-26,63.16,63.21,62.89,62.91,3873344
2020-08-27,62.49,62.6,62.28,62.59,5132637
2020-08-28,62.08,62.15,61.92,61.96,4527501
2020-08-31,61.97,62.09,61.46,61.63,6330259
2020-09-01,62.5,62.5,62.07,62.22,2710737
2020-09-02,62.52,62.63,61.94,62.14,2759460
2020-09-03,62.09,62.11,61.65,61.73,6750428
2020-09-04,63.57,63.77,63.33,63.41,6008468
2020-09-07,63.08,63.36,63.05,63.31,5106469
2020-09-08,66.19,66.55,65.78,66.02,2916502
2020-09-09,66.42,66.58,65.71,66.16,6376721
2020-09-10,68.6,68.66,67.96,68.36,4628226
2020-09-11,68.68,68.95,68.41,68.83,7532176
2020-09-14,70.29,70.51,70.03,70.07,3704805
2020-09-15,69.06,69.39,69.0,69.2,5390208
2020-09-16,68.39,68.45,67.82,68.18,5848707
2020-09-17,69.32,69.62,68.69,68.78,2138825
2020-09-18,69.79,70.43,69.31,70.05,6313305
2020-09-21,70.03,70.25,69.47,70.13,6179383
2020-09-22,68.59,68.71,68.42,68.56,2157857
2020-09-23,67.29,67.6,66.91,66.94,2716358
2020-09-24,66.14,66.41,65.23,65.27,3234543
2020-09-25,63.39,63.5,63.05,63.26,7799149
2020-09-28,63.45,63.63,63.25,63.42,6921098
2020-09-29,64.71,65.08,64.67,64.75,6286731
2020-09-30,64.29,64.83,64.08,64.76,5615062
2020-10-01,62.22,62.26,61.87,62.21,2376737
2020-10-02,62.07,62.13,61.58,62.03,4995501
2020-10-05,62.23,62.3,61.84,61.88,5199071
2020-10-06,63.76,64.87,63.65,64.29,7867826
2020-10-07,62.64,62.93,62.54,62.66,4052982
2020-10-08,62.31,62.67,62.1,62.25,5630975
2020-10-09,63.91,64.35,63.78,64.22,7151330
2020-10-12,65.1,65.27,64.72,64.78,6644799
2020-10-13,65.52,65.63,65.29,65.47,5404626
2020-10-14,65.8,65.98,65.57,65.64,3977046
2020-10-15,66.02,66.5,65.95,66.06,6584206
2020-10-16,66.94,67.12,66.76,67.03,2171646
2020-10-19,65.66,66.23,65.66,66.09,6109813
2020-10-20,67.37,67.72,66.93,67.18,7472983
2020-10-21,65.84,66.02,65.44,65.57,2256694
2020-10-22,66.15,66.29,65.7,65.99,3259003
2020-10-23,66.02,66.38,65.86,66.24,3197774
2020-10-26,65.37,65.74,65.12,65.54,6840426
2020-10-27,65.21,65.64,65.0,65.55,4726694
2020-10-28,64.79,64.88,64.55,64.85,3590444
2020-10-29,64.0,64.28,63.4,63.64,2120369
2020-10-30,63.43,63.74,63.09,63.27,3923651
2020-11-02,61.88,62.14,61.83,62.05,7350831
2020-11-03,62.08,62.46,61.88,62.45,2239097
2020-11-04,61.26,61.62,60.95,61.2,6116708
2020-11-05,62.13,62.14,62.0,62.02,5575683
2020-11-06,60.69,60.89,60.67,60.74,2773490
2020-11-09,60.07,60.19,59.89,60.16,4365418
2020-11-10,59.39,59.67,59.03,59.52,2598865
2020-11-11,60.93,61.11,60.84,60.98,3183757
2020-11-12,61.14,61.5,60.91,61.38,4664370
2020-11-13,61.23,61.4,61.01,61.17,4066325
2020-11-16,61.86,62.05,61.64,61.76,3121556
2020-11-17,59.55,59.62,59.39,59.49,5498446
2020-11-18,59.5,59.53,59.27,59.47,6906462
2020-11-19,62.0,62.16,61.45,61.68,2562525
2020-11-20,61.79,61.98,61.72,61.86,2316449
2020-11-23,61.97,62.17,61.79,61.96,2124805
2020-11-24,63.05,63.15,62.46,62.61,2510299
2020-11-25,63.3,63.71,63.03,63.66,5220447
2020-11-26,60.94,61.53,60.71,61.44,6030623
2020-11-27,59.76,59.83,59.49,59.64,2907593
2020-11-30,59.84,59.99,59.59,59.89,5577224
2020-12-01,59.61,59.97,58.83,59.16,3873488
2020-12-02,60.84,60.9,60.58,60.6,5248535
2020-12-03,60.47,60.66,60.15,60.29,6453576
2020-12-04,58.44,58.62,58.23,58.26,3065437
2020-12-07,56.74,57.29,56.63,56.97,3622157
2020-12-08,54.27,54.54,54.14,54.25,2733182
2020-12-09,54.49,54.55,53.81,54.04,6709408
2020-12-10,53.62,53.89,53.47,53.89,7943971
2020-12-11,53.5,53.62,53.29,53.51,4581959
2020-12-14,54.35,54.59,54.3,54.58,7930016
2020-12-15,55.93,56.01,55.8,55.8,4928198
2020-12-16,55.86,55.93,55.59,55.66,6389534
2020-12-17,53.39,53.61,53.31,53.59,6612714
2020-12-18,54.21,54.41,54.02,54.21,2997785
2020-12-21,55.08,55.41,54.45,54.78,6740543
2020-12-22,55.13,55.14,55.07,55.12,5494213
2020-12-23,55.89,56.42,55.75,56.13,2891097
2020-12-24,55.09,55.23,54.71,54.99,2383484
2020-12-25,57.49,57.75,56.81,57.04,4375419
2020-12-28,55.78,56.25,55.62,56.09,2654351
2020-12-29,56.78,57.09,56.73,56.88,7173449
2020-12-30,55.15,55.33,54.93,55.21,6091736
2020-12-31,54.43,54.62,54.2,54.32,7879959
2021-01-01,55.92,55.98,55.62,55.85,5147307
2021-01-04,55.75,55.77,55.44,55.62,7888139
2021-01-05,56.91,57.08,56.43,56.49,6184559
2021-01-06,56.75,56.76,56.63,56.76,5198323
2021-01-07,56.49,56.7,56.46,56.68,5530260
2021-01-08,58.14,58.18,58.05,58.12,2325356
2021-01-11,58.25,58.37,57.76,57.9,2969592
2021-01-12,56.07,56.13,56.01,56.11,2718797
2021-01-13,55.48,55.76,55.14,55.33,7840626
2021-01-14,55.94,55.96,55.46,55.91,7941761
2021-01-15,56.29,56.75,56.13,56.34,5592300
2021-01-18,54.71,55.0,54.59,54.8,7674329
2021-01-19,54.31,54.45,54.08,54.11,2891134
2021-01-20,53.47,53.7,53.41,53.58,3435477
2021-01-21,53.21,53.39,53.07,53.25,5377259
2021-01-22,51.62,52.2,51.24,51.97,4414519
2021-01-25,51.37,51.58,51.29,51.42,4054652
2021-01-26,50.73,51.09,50.65,50.77,2593751
2021-01-27,51.53,51.63,51.24,51.51,7998256
2021-01-28,52.17,52.44,52.05,52.29,6991688
2021-01-29,51.9,52.19,51.81,52.18,3590371
2021-02-01,51.9,51.97,51.78,51.84,3916570
2021-02-02,52.1,52.15,51.76,51.99,6569107
2021-02-03,51.11,51.39,50.66,51.26,4067169
2021-02-04,50.28,50.35,50.21,50.24,7965887
2021-02-05,49.32,49.44,49.18,49.42,5383813
2021-02-08,48.84,49.14,48.83,48.88,3359212
2021-02-09,47.91,47.99,47.87,47.89,4748741
2021-02-10,47.94,48.09,47.94,48.06,3138502
2021-02-11,48.51,48.86,48.41,48.72,3982235
2021-02-12,47.72,47.72,47.35,47.37,2311568
2021-02-15,47.37,47.48,47.25,47.41,5161112
2021-02-16,47.28,47.61,47.2,47.25,2947123
2021-02-17,47.81,47.86,47.55,47.57,4245361
2021-02-18,47.78,47.83,47.53,47.58,7304657
2021-02-19,46.19,46.54,46.15,46.37,7634477
2021-02-22,45.26,45.41,45.04,45.35,7398545
2021-02-23,45.93,46.01,45.29,45.4,7558322
2021-02-24,46.28,46.3,46.25,46.27,3614271
2021-02-25,44.63,44.63,44.47,44.49,5892898
2021-02-26,44.84,44.96,44.78,44.79,6097010
2021-03-01,45.73,45.91,45.66,45.78,2420027
2021-03-02,45.68,45.7,45.66,45.68,3044132
2021-03-03,46.2,46.29,46.1,46.15,2503688
2021-03-04,45.65,45.71,45.51,45.6,2875353
2021-03-05,45.04,45.55,44.86,45.52,6443628
2021-03-08,44.14,44.29,44.09,44.23,2975168
2021-03-09,42.29,42.53,42.17,42.43,6761125
2021-03-10,42.85,43.19,42.82,43.18,4514501
2021-03-11,42.28,42.57,42.12,42.44,2327952
2021-03-12,41.73,42.41,41.36,42.11,6430066
2021-03-15,41.38,41.46,40.94,41.09,2884819
2021-03-16,40.0,40.3,39.76,40.08,7532260
2021-03-17,39.89,40.08,39.77,39.98,3598298
2021-03-18,39.59,39.76,39.45,39.48,6231332
2021-03-19,39.72,39.81,39.56,39.77,6861158
2021-03-22,40.21,40.29,39.98,40.11,7672808
2021-03-23,40.3,40.44,40.28,40.36,4654300
2021-03-24,40.54,40.84,40.4,40.56,5971641
2021-03-25,41.68,41.78,41.57,41.75,4669121
2021-03-26,41.11,41.13,40.89,40.97,5146729
2021-03-29,40.86,41.06,40.77,40.95,6953723
2021-03-30,41.39,41.9,41.34,41.82,4377338
2021-03-31,42.81,42.96,42.45,42.8,3130314
2021-04-01,41.9,41.94,41.59,41.74,6993804
2021-04-02,41.4,41.56,41.28,41.53,5158628
2021-04-05,42.39,42.65,42.29,42.58,7393993
2021-04-06,42.88,43.0,42.88,42.99,7764217
2021-04-07,42.75,43.31,42.65,43.16,6480517
2021-04-08,42.83,43.21,42.74,43.02,4209078
2021-04-09,42.6,42.86,42.57,42.74,6491559
2021-04-12,43.1,43.14,42.92,42.99,2275512
2021-04-13,42.72,42.95,42.57,42.81,6910012
2021-04-14,42.92,43.05,42.7,42.8,3186409
2021-04-15,42.64,43.01,42.46,42.88,6975875
2021-04-16,42.8,42.93,42.38,42.38,5076602
2021-04-19,42.66,42.88,42.58,42.81,6770664
2021-04-20,44.94,45.25,44.89,45.14,2347846
2021-04-21,43.96,44.06,43.72,43.74,5300519
2021-04-22,43.81,44.34,43.76,44.02,4220596
2021-04-23,43.48,43.66,43.31,43.44,4764661
2021-04-26,44.41,44.5,43.84,43.92,3145739
2021-04-27,43.88,44.09,43.76,43.98,5672359
2021-04-28,44.25,44.63,44.12,44.61,5748976
2021-04-29,45.58,45.69,45.44,45.58,6927150
2021-04-30,45.63,45.87,45.58,45.76,2981384
2021-05-03,46.55,46.81,46.35,46.73,6032619
2021-05-04,44.91,45.07,44.61,44.82,5556788
2021-05-05,46.33,46.41,46.09,46.15,5805474
2021-05-06,46.55,46.59,46.42,46.48,2586348
2021-05-07,47.47,47.62,47.27,47.42,2416987
2021-05-10,46.12,46.51,45.81,46.41,2297008
2021-05-11,45.64,45.82,45.63,45.74,5338014
2021-05-12,46.03,46.38,45.76,45.89,4787170
2021-05-13,45.68,46.13,45.67,45.9,6608616
2021-05-14,46.23,46.36,45.98,46.15,7112563
2021-05-17,46.9,47.19,46.77,47.09,3518146
2021-05-18,45.79,45.94,45.63,45.64,5408745
2021-05-19,46.29,46.54,46.23,46.47,3650164
2021-05-20,46.63,46.64,46.3,46.5,6391924
2021-05-21,46.48,46.5,46.3,46.35,4121881
2021-05-24,45.16,45.18,44.88,45.16,4796656
2021-05-25,45.55,45.65,45.48,45.6,3447400
2021-05-26,43.45,43.71,43.4,43.68,4022202
2021-05-27,43.96,44.28,43.83,44.21,3474519
2021-05-28,43.42,43.56,43.06,43.06,4506576
2021-05-31,42.97,43.29,42.82,43.13,3469877
2021-06-01,42.71,43.06,42.71,43.06,5700749
2021-06-02,44.03,44.13,43.94,43.99,7632710
2021-06-03,43.77,43.94,43.74,43.87,3636446
2021-06-04,43.36,43.46,43.31,43.35,7674594
2021-06-07,42.96,43.05,42.95,42.98,7766328
2021-06-08,43.77,44.01,43.76,44.0,2475806
2021-06-09,44.07,44.71,44.03,44.45,6558152
2021-06-10,44.14,44.17,43.94,44.16,3548584
2021-06-11,44.19,44.36,43.76,44.0,5655444
2021-06-14,42.72,42.8,42.55,42.79,7958529
2021-06-15,43.14,43.22,43.08,43.11,7362948
2021-06-16,41.91,42.14,41.7,41.79,6531927
2021-06-17,42.27,42.42,42.23,42.38,5483614
2021-06-18,42.36,42.55,42.32,42.5,6722389
2021-06-21,44.27,44.73,44.19,44.39,3621274
2021-06-22,43.68,43.93,43.34,43.54,2935855
2021-06-23,43.56,43.75,43.38,43.48,3352674
2021-06-24,44.97,45.05,44.91,44.94,4514589
2021-06-25,45.69,46.02,45.61,45.93,2941539
2021-06-28,45.71,45.77,45.32,45.38,6017975
2021-06-29,45.59,45.69,45.51,45.59,2506631
2021-06-30,45.55,45.79,45.38,45.61,5339304
2021-07-01,45.98,46.0,45.84,45.87,2025563
2021-07-02,45.43,45.54,45.3,45.32,7004718
2021-07-05,45.23,45.32,45.2,45.27,6660423
2021-07-06,44.11,44.29,43.73,44.01,2032805
2021-07-07,44.47,44.54,44.01,44.14,3846228
2021-07-08,44.61,44.63,44.51,44.52,3307913
2021-07-09,44.31,44.47,44.07,44.36,3732835
2021-07-12,42.91,43.2,42.66,43.11,2729968
2021-07-13,43.7,43.98,43.57,43.9,7669512
2021-07-14,44.06,44.4,43.84,44.21,2067432
2021-07-15,43.54,43.7,43.53,43.66,4204570
2021-07-16,43.24,43.62,43.05,43.46,4206967
2021-07-19,42.27,42.41,42.17,42.33,3347402
2021-07-20,41.54,41.62,41.37,41.57,4166330
2021-07-21,41.01,41.23,40.97,41.19,4397818
2021-07-22,41.83,42.38,41.67,42.14,4178014
2021-07-23,41.82,41.9,41.61,41.67,5083437
2021-07-26,42.29,42.32,42.17,42.18,5161619
2021-07-27,41.73,41.82,41.57,41.79,4276053
2021-07-28,42.0,42.3,41.99,42.0,2918904
2021-07-29,41.93,42.05,41.89,41.91,7712200
2021-07-30,42.71,42.88,42.59,42.6,7709063
2021-08-02,42.3,42.41,42.2,42.21,7788560
2021-08-03,41.02,41.07,40.86,41.06,2807098
2021-08-04,39.99,40.14,39.75,40.07,7803559
2021-08-05,39.57,39.85,39.4,39.7,4647479
2021-08-06,38.92,38.97,38.76,38.84,6781836
2021-08-09,39.42,39.53,39.09,39.15,5421201
2021-08-10,38.85,38.96,38.75,38.84,5596713
2021-08-11,40.68,40.68,40.56,40.56,6504315
2021-08-12,39.5,39.51,39.32,39.33,2290220
2021-08-13,39.48,39.63,39.33,39.49,7444429
2021-08-16,38.42,38.76,38.42,38.72,5434706
2021-08-17,38.29,38.4,38.22,38.4,6060186
2021-08-18,38.66,38.66,38.42,38.51,5347211
2021-08-19,36.92,37.1,36.78,36.95,2836181
2021-08-20,37.29,37.32,37.06,37.13,6229706
2021-08-23,38.3,38.5,38.13,38.44,4566463
2021-08-24,38.23,38.49,38.12,38.15,7576948
2021-08-25,38.23,38.52,38.22,38.35,7917612
2021-08-26,38.96,39.1,38.84,39.08,2081422
2021-08-27,39.08,39.16,38.87,38.98,7324288
2021-08-30,38.69,38.91,38.52,38.6,4656591
2021-08-31,36.86,37.12,36.85,37.07,3107586
2021-09-01,37.62,37.7,37.48,37.52,2142842
2021-09-02,37.47,37.58,37.34,37.46,2545764
2021-09-03,36.9,36.94,36.8,36.8,7227544
2021-09-06,37.01,37.03,36.69,36.9,5721343
2021-09-07,36.57,36.66,36.24,36.53,4788084
2021-09-08,36.35,36.48,36.08,36.21,4349353
2021-09-09,36.56,36.68,36.52,36.62,5535164
2021-09-10,35.9,36.0,35.56,35.77,7552392
2021-09-13,36.15,36.52,36.11,36.47,7302295
2021-09-14,35.56,35.64,35.45,35.58,6182141
2021-09-15,35.09,35.24,35.04,35.18,5584514
2021-09-16,36.44,36.52,36.32,36.43,3063235
2021-09-17,37.41,37.45,37.09,37.2,5707047
2021-09-20,37.49,37.63,37.22,37.28,4809169
2021-09-21,36.82,36.96,36.57,36.67,4504145
2021-09-22,36.36,36.37,36.2,36.34,7441945
2021-09-23,36.14,36.54,36.03,36.41,4352298
2021-09-24,36.5,36.52,36.33,36.45,7730175
2021-09-27,36.45,36.48,36.16,36.41,4325423
2021-09-28,36.34,36.51,36.19,36.41,2033340
2021-09-29,36.22,36.3,36.08,36.29,6552623
2021-09-30,35.62,35.69,35.35,35.38,4771915
2021-10-01,35.23,35.24,35.03,35.07,4927677
2021-10-04,35.6,35.72,35.57,35.67,5398004
2021-10-05,34.93,34.95,34.76,34.82,3921637
2021-10-06,34.78,34.8,34.68,34.71,3170593
2021-10-07,34.21,34.26,34.1,34.22,5069777
2021-10-08,34.21,34.44,34.19,34.31,4897436
2021-10-11,34.1,34.14,34.05,34.09,2657610
2021-10-12,34.99,35.12,34.98,35.02,4521211
2021-10-13,35.1,35.47,34.93,35.36,5895119
2021-10-14,34.55,34.58,34.32,34.55,6148767
2021-10-15,35.22,35.24,34.87,34.99,3314907
2021-10-18,34.36,34.63,34.28,34.52,6957758
2021-10-19,34.26,34.37,34.18,34.18,3517299
2021-10-20,34.51,34.6,34.35,34.4,5181304
2021-10-21,34.03,34.22,34.03,34.11,4546695
2021-10-22,34.77,34.8,34.64,34.68,5388503
2021-10-25,34.5,34.67,34.08,34.22,3797540
2021-10-26,33.91,34.01,33.75,33.85,7030759
2021-10-27,33.49,33.53,33.39,33.47,7335292
2021-10-28,33.15,33.25,33.08,33.15,3896610
2021-10-29,33.97,33.98,33.82,33.83,4927461
2021-11-01,34.29,34.32,34.22,34.23,6142253
2021-11-02,35.4,35.42,35.3,35.32,6852745
2021-11-03,36.72,36.84,36.58,36.81,5184401
2021-11-04,36.09,36.21,36.02,36.15,6643395
2021-11-05,36.34,36.38,36.16,36.22,5642051
2021-11-08,35.79,35.86,35.4,35.47,5517622
2021-11-09,35.17,35.23,34.94,35.0,4718692
2021-11-10,34.73,34.84,34.43,34.62,2279022
2021-11-11,33.88,34.08,33.83,33.99,7843196
2021-11-12,33.44,33.64,33.23,33.36,4917200
2021-11-15,33.22,33.33,33.12,33.29,7220111
2021-11-16,32.76,32.82,32.41,32.59,4718829
2021-11-17,33.04,33.12,32.88,33.1,5370203
2021-11-18,32.3,32.64,32.29,32.58,2360723
2021-11-19,34.64,34.66,34.23,34.29,5992127
2021-11-22,34.08,34.12,34.0,34.02,2534056
2021-11-23,34.06,34.26,34.04,34.09,7273537
2021-11-24,33.38,33.39,33.2,33.32,2090856
2021-11-25,34.14,34.42,33.99,34.37,7682934
2021-11-26,35.04,35.14,34.96,35.09,3818955
2021-11-29,35.16,35.33,35.04,35.3,5988611
2021-11-30,34.34,34.6,34.03,34.47,6624764
2021-12-01,34.51,34.74,34.46,34.62,6215715
2021-12-02,34.04,34.06,33.92,33.94,6686673
2021-12-03,34.89,35.04,34.79,34.86,4041400
2021-12-06,35.39,35.4,35.35,35.39,2135984
2021-12-07,35.38,35.58,35.23,35.47,2653146
2021-12-08,33.9,34.04,33.8,33.97,2094630
2021-12-09,33.32,33.43,33.27,33.39,6054835
2021-12-10,33.86,33.97,33.76,33.82,3247033
2021-12-13,34.67,34.75,34.58,34.58,6283496
2021-12-14,35.31,35.34,35.15,35.3,2347776
2021-12-15,34.31,34.41,34.19,34.32,4880045
2021-12-16,34.64,34.75,34.48,34.52,6558647
2021-12-17,35.31,35.53,35.08,35.18,2219502
2021-12-20,34.11,34.21,34.0,34.16,3702965
2021-12-21,34.14,34.23,34.08,34.17,4925695
2021-12-22,34.46,34.5,34.35,34.36,3387170
2021-12-23,34.39,34.47,34.12,34.19,7909308
2021-12-24,33.21,33.24,32.94,33.09,2543717
2021-12-27,32.99,33.05,32.83,32.91,2257692
2021-12-28,32.78,32.95,32.63,32.73,6703605
2021-12-29,32.52,32.82,32.46,32.66,6085317
2021-12-30,32.23,32.44,32.19,32.35,6052457
2021-12-31,32.13,32.32,31.96,32.11,5625412
2022-01-03,32.06,32.18,32.01,32.1,7735669
2022-01-04,32.43,32.57,32.13,32.37,2685059
2022-01-05,32.27,32.31,32.17,32.21,3848037
2022-01-06,32.11,32.21,31.98,31.99,7540580
2022-01-07,31.94,32.11,31.88,32.06,2340045
2022-01-10,31.01,31.04,30.87,30.99,5039079
2022-01-11,31.07,31.31,30.98,31.27,5702796
2022-01-12,31.24,31.33,31.17,31.28,3988943
2022-01-13,31.45,31.5,31.21,31.32,2107184
2022-01-14,31.77,32.13,31.71,31.88,3586501
2022-01-17,30.78,30.91,30.73,30.8,4256033
2022-01-18,29.6,29.74,29.5,29.74,3642089
2022-01-19,29.93,30.02,29.78,29.9,6299310
2022-01-20,30.16,30.18,29.87,29.91,5259359
2022-01-21,29.86,30.03,29.71,30.02,7218061
2022-01-24,29.74,29.89,29.49,29.78,4800501
2022-01-25,30.24,30.28,30.09,30.16,6693709
2022-01-26,30.82,30.86,30.65,30.68,5097901
2022-01-27,31.02,31.13,30.88,30.97,5879682
2022-01-28,30.94,30.95,30.78,30.84,5835197
2022-01-31,29.6,29.81,29.52,29.71,5702190
2022-02-01,30.16,30.17,30.08,30.13,6988330
2022-02-02,30.79,30.84,30.77,30.82,3403975
2022-02-03,31.08,31.23,30.98,31.2,7722359
2022-02-04,30.71,30.82,30.68,30.72,5897447
2022-02-07,31.01,31.12,30.99,31.11,2882806
2022-02-08,31.48,31.72,31.47,31.61,2583018
2022-02-09,32.55,32.61,32.4,32.53,6409327
2022-02-10,32.28,32.29,31.93,32.04,5548706
2022-02-11,31.76,32.01,31.65,31.92,2965136
2022-02-14,32.22,32.49,32.21,32.37,5912483
2022-02-15,32.45,32.54,32.38,32.42,6372838
2022-02-16,31.59,31.8,31.44,31.79,5739650
2022-02-17,31.94,32.09,31.77,32.04,2220748
2022-02-18,32.46,32.52,32.27,32.4,5514632
2022-02-21,32.38,32.49,32.3,32.46,3113953
2022-02-22,32.6,32.69,32.45,32.61,3054405
2022-02-23,32.68,32.82,32.4,32.47,3421261
2022-02-24,33.44,33.56,33.22,33.36,2715105
2022-02-25,32.66,32.9,32.65,32.84,4549048
2022-02-28,32.44,32.55,32.31,32.52,5157290
2022-03-01,32.76,32.8,32.25,32.54,5803533
2022-03-02,33.06,33.09,32.95,33.07,7130079
2022-03-03,32.04,32.35,31.96,32.21,6381768
2022-03-04,31.54,31.69,31.43,31.47,6848468
2022-03-07,30.42,30.47,30.35,30.36,7844413
2022-03-08,30.61,30.63,30.36,30.39,6308178
2022-03-09,29.85,29.86,29.77,29.8,6648491
2022-03-10,29.71,29.83,29.41,29.61,5415311
2022-03-11,30.14,30.24,29.96,29.98,4810768
2022-03-14,29.46,29.69,29.27,29.65,4565033
2022-03-15,29.77,29.86,29.77,29.79,4333314
2022-03-16,29.61,29.72,29.61,29.64,3096857
2022-03-17,30.01,30.15,29.86,30.02,2861195
2022-03-18,30.27,30.3,30.14,30.29,4998135
2022-03-21,29.88,29.95,29.81,29.93,5772720
2022-03-22,29.96,30.09,29.81,29.85,3003685
2022-03-23,30.38,30.49,30.33,30.44,4319911
2022-03-24,30.83,30.95,30.54,30.67,3894626
2022-03-25,29.8,30.08,29.73,29.92,4204160
2022-03-28,30.22,30.3,30.19,30.29,3657925
2022-03-29,29.46,29.75,29.39,29.72,7424747
2022-03-30,30.32,30.55,30.29,30.5,7167301
2022-03-31,31.32,31.51,31.08,31.08,4295988
2022-04-01,31.11,31.31,31.03,31.26,5874389
2022-04-04,31.38,31.44,31.2,31.37,4875943
2022-04-05,31.35,31.5,31.11,31.26,2254414
2022-04-06,31.72,31.75,31.59,31.66,3360180
2022-04-07,31.65,31.76,31.42,31.47,6621375
2022-04-08,31.92,31.93,31.59,31.62,4815813
2022-04-11,32.11,32.24,32.01,32.14,7327674
2022-04-12,31.79,31.94,31.7,31.83,2958733
2022-04-13,31.63,31.67,31.39,31.49,5458415
2022-04-14,30.76,30.9,30.67,30.84,7828837
2022-04-15,30.07,30.32,29.97,30.27,3994680
2022-04-18,29.34,29.53,29.24,29.3,3022713
2022-04-19,29.62,29.78,29.59,29.71,5473879
2022-04-20,30.64,30.76,30.63,30.7,7367447
2022-04-21,31.44,31.56,31.36,31.52,2420777
2022-04-22,30.59,30.64,30.57,30.62,2794998
2022-04-25,31.07,31.24,30.99,31.04,3425227
2022-04-26,31.74,31.87,31.73,31.86,2519872
2022-04-27,32.0,32.05,31.47,31.62,6421976
2022-04-28,31.4,31.81,31.35,31.69,5802152
2022-04-29,30.74,30.75,30.47,30.58,5076366
2022-05-02,30.71,30.88,30.69,30.74,7266439
2022-05-03,30.09,30.2,30.07,30.18,2213396
2022-05-04,30.27,30.31,30.13,30.3,7136007
2022-05-05,29.59,29.61,29.44,29.47,5780160
2022-05-06,29.73,29.84,29.68,29.78,3068482
2022-05-09,30.33,30.35,30.31,30.35,6898211
2022-05-10,29.91,30.07,29.9,29.94,5232616
2022-05-11,29.24,29.38,29.16,29.35,7760766
2022-05-12,28.37,28.42,28.13,28.24,4146260
2022-05-13,28.2,28.24,28.0,28.12,6594883
2022-05-16,27.87,27.99,27.81,27.84,6452661
2022-05-17,27.2,27.26,27.09,27.09,2564094
2022-05-18,27.43,27.59,27.3,27.33,7187819
2022-05-19,27.15,27.28,27.06,27.12,5737861
2022-05-20,26.59,26.67,26.5,26.61,6316412
2022-05-23,26.36,26.37,26.3,26.36,7599728
2022-05-24,26.95,26.95,26.81,26.89,7065216
2022-05-25,27.33,27.37,27.18,27.2,7864990
2022-05-26,27.15,27.16,27.1,27.15,3611968
2022-05-27,27.54,27.66,27.25,27.46,5352545
2022-05-30,26.98,26.98,26.82,26.91,2766555
2022-05-31,26.78,26.99,26.78,26.94,3044753
2022-06-01,26.88,27.05,26.84,27.02,6551170
2022-06-02,26.96,27.01,26.7,26.81,7279455
2022-06-03,26.99,27.19,26.88,27.03,2913413
2022-06-06,26.57,26.72,26.53,26.67,3149404
2022-06-07,27.09,27.15,26.9,26.93,4431135
2022-06-08,27.06,27.22,27.01,27.21,4251730
2022-06-09,25.96,25.98,25.79,25.83,3295954
2022-06-10,26.48,26.62,26.36,26.4,5633960
2022-06-13,25.04,25.04,24.95,25.01,3583243
2022-06-14,24.65,24.82,24.44,24.74,4826213
2022-06-15,25.29,25.37,25.12,25.22,2755265
2022-06-16,25.01,25.1,24.98,25.09,7437044
2022-06-17,24.5,24.54,24.35,24.45,7397115
2022-06-20,24.0,24.05,23.96,23.98,6226252
2022-06-21,24.46,24.52,24.38,24.44,7770603
2022-06-22,23.53,23.63,23.47,23.62,2571694
2022-06-23,23.99,24.14,23.98,24.12,4200044
2022-06-24,24.08,24.16,23.93,24.11,7681755
2022-06-27,23.66,23.68,23.57,23.61,5701005
2022-06-28,23.34,23.45,23.3,23.37,2704292
2022-06-29,22.82,23.02,22.8,22.96,2158428
2022-06-30,23.37,23.46,23.26,23.33,7732382
2022-07-01,23.66,23.74,23.64,23.65,2473200
2022-07-04,22.95,22.96,22.8,22.94,7830487
2022-07-05,22.78,22.84,22.65,22.79,7398803
2022-07-06,22.33,22.45,22.31,22.45,5017895
2022-07-07,22.92,23.01,22.88,22.99,6711393
2022-07-08,22.44,22.49,22.4,22.45,5496800
2022-07-11,23.19,23.2,23.06,23.12,5437022
2022-07-12,23.14,23.19,23.1,23.12,4311297
2022-07-13,22.66,22.7,22.54,22.65,4111079
2022-07-14,22.57,22.6,22.36,22.39,2034808
2022-07-15,22.1,22.13,22.07,22.08,2049449
2022-07-18,21.52,21.67,21.42,21.59,4857167
2022-07-19,21.65,21.74,21.59,21.63,4701462
2022-07-20,20.95,21.18,20.85,21.17,4710241
2022-07-21,20.36,20.38,20.22,20.37,7276550
2022-07-22,20.22,20.29,20.18,20.24,6977447
2022-07-25,19.48,19.63,19.42,19.6,4113174
2022-07-26,19.23,19.38,19.17,19.35,7543872
2022-07-27,19.1,19.1,19.01,19.04,4662228
2022-07-28,18.73,18.76,18.7,18.76,6119827
2022-07-29,19.41,19.46,19.36,19.45,4271680
2022-08-01,19.53,19.59,19.42,19.48,4815744
2022-08-02,19.6,19.63,19.51,19.58,5515403
2022-08-03,19.03,19.05,18.92,18.97,6676937
2022-08-04,18.72,18.82,18.61,18.76,7545786
2022-08-05,18.85,18.91,18.81,18.84,4677395
2022-08-08,18.66,18.69,18.49,18.51,3064188
2022-08-09,18.85,18.93,18.79,18.82,7690802
2022-08-10,18.4,18.51,18.34,18.43,6408111
2022-08-11,18.4,18.45,18.32,18.34,7808240
2022-08-12,18.21,18.29,18.13,18.16,5757783
2022-08-15,18.36,18.38,18.21,18.22,6265590
2022-08-16,18.01,18.05,17.92,18.02,2834634
2022-08-17,17.96,18.04,17.94,17.94,6475829
2022-08-18,17.94,17.99,17.82,17.88,6942606
2022-08-19,17.68,17.74,17.62,17.65,7129939
2022-08-22,17.79,17.86,17.67,17.81,4808775
2022-08-23,17.99,18.08,17.86,17.9,5237882
2022-08-24,17.73,17.89,17.7,17.88,5967187
2022-08-25,17.76,17.79,17.72,17.75,2101526
2022-08-26,18.04,18.07,17.91,18.02,7510391
2022-08-29,17.86,17.95,17.83,17.95,7122080
2022-08-30,17.89,17.92,17.83,17.86,4337341
2022-08-31,17.88,17.96,17.83,17.9,2308316
2022-09-01,18.41,18.54,18.34,18.47,3782064
2022-09-02,18.01,18.15,17.93,18.03,4667751
2022-09-05,18.42,18.44,18.28,18.3,7893887
2022-09-06,17.73,17.74,17.66,17.69,3027678
2022-09-07,17.62,17.84,17.61,17.77,6954079
2022-09-08,18.32,18.38,18.26,18.29,5684698
2022-09-09,18.47,18.49,18.36,18.46,6568459
2022-09-12,18.49,18.57,18.45,18.53,2990247
2022-09-13,18.34,18.44,18.29,18.35,5257956
2022-09-14,18.3,18.44,18.27,18.37,4976412
2022-09-15,18.32,18.37,18.28,18.29,6751965
2022-09-16,18.01,18.06,17.99,18.05,7729280
2022-09-19,17.94,18.06,17.88,17.96,3238099
2022-09-20,17.96,18.08,17.9,18.04,4759533
2022-09-21,17.9,17.99,17.74,17.8,5239045
2022-09-22,17.38,17.59,17.29,17.55,2289933
2022-09-23,17.11,17.18,17.1,17.13,5843994
2022-09-26,17.05,17.28,17.0,17.26,2551551
2022-09-27,17.46,17.46,17.4,17.44,2718775
2022-09-28,17.45,17.65,17.44,17.52,2927250
2022-09-29,17.87,17.88,17.78,17.84,4613092
2022-09-30,17.82,17.89,17.79,17.88,6730853
2022-10-03,18.15,18.22,17.91,18.01,3121886
2022-10-04,18.23,18.31,18.11,18.12,6978556
2022-10-05,18.04,18.12,18.04,18.1,6288616
2022-10-06,18.03,18.13,17.88,17.94,2577385
2022-10-07,18.72,18.76,18.65,18.67,5033391
2022-10-10,18.55,18.57,18.52,18.53,7584550
2022-10-11,18.25,18.42,18.18,18.32,6162517
2022-10-12,18.45,18.49,18.45,18.47,5147035
2022-10-13,18.59,18.62,18.56,18.57,6184870
2022-10-14,18.2,18.32,17.99,18.11,4533548
2022-10-17,18.42,18.5,18.41,18.49,3995417
2022-10-18,18.49,18.52,18.46,18.47,4748540
2022-10-19,18.01,18.14,17.96,18.11,5423600
2022-10-20,18.57,18.61,18.48,18.51,4333144
2022-10-21,18.77,18.9,18.69,18.73,3254559
2022-10-24,18.35,18.46,18.28,18.32,5215439
2022-10-25,18.95,18.96,18.86,18.93,3756270
2022-10-26,19.12,19.21,19.03,19.16,7397304
2022-10-27,19.21,19.25,19.08,19.17,3876777
2022-10-28,19.76,19.79,19.71,19.73,5996902
2022-10-31,19.76,19.84,19.62,19.8,4548357
2022-11-01,19.75,19.83,19.73,19.8,6293513
2022-11-02,19.66,19.69,19.55,19.58,2310995
2022-11-03,19.75,19.88,19.73,19.79,6156604
2022-11-04,20.02,20.11,19.94,19.97,4193971
2022-11-07,19.93,20.04,19.91,19.99,3237095
2022-11-08,19.67,19.72,19.65,19.71,4532777
2022-11-09,19.82,19.84,19.77,19.77,5126089
2022-11-10,19.91,20.06,19.74,19.76,5223524
2022-11-11,19.31,19.32,19.24,19.3,6982106
2022-11-14,18.8,18.81,18.79,18.8,6104935
2022-11-15,19.06,19.06,18.97,19.0,5271217
2022-11-16,18.08,18.17,18.05,18.14,2260961
2022-11-17,18.23,18.24,18.18,18.22,4816911
2022-11-18,18.04,18.11,18.02,18.07,6498488
2022-11-21,18.4,18.52,18.39,18.51,5944427
2022-11-22,18.48,18.53,18.3,18.36,6275822
2022-11-23,18.56,18.66,18.52,18.59,4990563
2022-11-24,18.41,18.48,18.37,18.46,7563698
2022-11-25,18.48,18.54,18.46,18.51,6313061
2022-11-28,18.69,18.86,18.69,18.77,7324340
2022-11-29,18.6,18.63,18.59,18.62,3559563
2022-11-30,18.76,18.98,18.71,18.97,3305745
2022-12-01,18.66,18.7,18.61,18.64,3102194
2022-12-02,18.62,18.77,18.55,18.75,4521729
2022-12-05,18.92,19.13,18.92,19.07,2625997
2022-12-06,19.41,19.48,19.28,19.31,4766710
2022-12-07,20.05,20.09,19.93,20.0,5826913
2022-12-08,19.63,19.77,19.59,19.73,2011703
2022-12-09,19.35,19.37,19.26,19.26,6086808
2022-12-12,18.96,18.98,18.9,18.93,5112358
2022-12-13,19.15,19.25,19.13,19.16,6562504
2022-12-14,19.34,19.41,19.31,19.35,4199667
2022-12-15,19.32,19.4,19.31,19.39,6259457
2022-12-16,18.98,19.07,18.96,19.01,5176734
2022-12-19,19.46,19.47,19.28,19.29,4466455
2022-12-20,18.87,18.93,18.85,18.88,7175833
2022-12-21,19.23,19.29,19.16,19.28,7636286
2022-12-22,20.35,20.41,20.24,20.31,5838883
2022-12-23,20.48,20.63,20.42,20.46,2078959
2022-12-26,20.6,20.72,20.53,20.68,3580410
2022-12-27,20.48,20.54,20.48,20.51,6893865
2022-12-28,19.77,19.87,19.71,19.86,5069204
2022-12-29,19.8,19.85,19.62,19.66,7002849
2022-12-30,19.32,19.35,19.25,19.28,2678661
2023-01-02,18.72,18.88,18.72,18.8,7977935
2023-01-03,19.4,19.43,19.38,19.4,3245285
2023-01-04,19.62,19.63,19.4,19.5,2690177
2023-01-05,19.67,19.68,19.63,19.65,7454986
2023-01-06,19.55,19.7,19.48,19.55,4597821
2023-01-09,19.52,19.57,19.49,19.5,4918278
2023-01-10,19.77,19.87,19.75,19.85,3208450
2023-01-11,19.89,19.91,19.8,19.85,5414723
2023-01-12,19.95,20.13,19.92,20.05,6448029
2023-01-13,20.02,20.04,19.96,19.99,5742666
2023-01-16,19.99,20.06,19.74,19.88,3864415
2023-01-17,19.38,19.46,19.34,19.39,5227432
2023-01-18,18.76,18.8,18.62,18.72,7079184
2023-01-19,18.59,18.67,18.57,18.64,7869692
2023-01-20,18.7,18.72,18.63,18.67,4164466
2023-01-23,18.18,18.25,18.14,18.25,4938317
2023-01-24,18.06,18.29,18.04,18.25,6949205
2023-01-25,18.29,18.3,18.19,18.28,5202844
2023-01-26,17.63,17.66,17.46,17.59,7429464
2023-01-27,17.29,17.35,17.21,17.31,7783902
2023-01-30,17.4,17.45,17.38,17.45,6953679
2023-01-31,17.57,17.63,17.53,17.58,2203700
2023-02-01,17.26,17.27,17.22,17.22,3202676
2023-02-02,17.38,17.39,17.1,17.28,2626111
2023-02-03,17.68,17.77,17.6,17.61,7325033
2023-02-06,17.91,17.95,17.86,17.87,5646821
2023-02-07,17.79,18.01,17.77,17.85,7055926
2023-02-08,17.66,17.74,17.66,17.71,2096753
2023-02-09,17.34,17.53,17.32,17.52,5441829
2023-02-10,17.66,17.73,17.61,17.67,5931388
2023-02-13,17.76,17.81,17.67,17.74,2368594
2023-02-14,18.08,18.12,17.93,17.95,4377996
2023-02-15,17.79,18.02,17.71,18.01,7496750
2023-02-16,18.26,18.35,18.22,18.28,3200404
2023-02-17,18.22,18.35,18.19,18.32,4224959
2023-02-20,18.58,18.61,18.53,18.59,7924497
2023-02-21,18.84,18.95,18.7,18.9,3850977
2023-02-22,18.8,18.81,18.61,18.63,4798464
2023-02-23,18.14,18.19,18.04,18.05,3255706
2023-02-24,18.58,18.58,18.48,18.56,5563022
2023-02-27,18.67,18.73,18.65,18.66,4698473
2023-02-28,17.93,18.13,17.91,18.1,3967305
2023-03-01,17.88,17.93,17.86,17.88,3965141
2023-03-02,18.11,18.29,18.03,18.14,7041285
2023-03-03,18.11,18.11,18.0,18.06,5763816
2023-03-06,17.85,17.92,17.74,17.9,7175523
2023-03-07,18.28,18.39,18.26,18.37,7747474
2023-03-08,18.11,18.22,17.98,18.03,6302660
2023-03-09,17.73,17.81,17.69,17.78,6693052
2023-03-10,17.88,17.91,17.83,17.86,7243404
2023-03-13,18.04,18.08,17.99,17.99,4517726
2023-03-14,18.31,18.39,18.15,18.17,7171237
2023-03-15,18.48,18.53,18.37,18.48,2154265
2023-03-16,18.57,18.58,18.36,18.55,2196495
2023-03-17,18.79,18.85,18.7,18.72,5850219
2023-03-20,18.74,18.86,18.56,18.65,6019726
2023-03-21,18.61,18.68,18.56,18.68,6702851
2023-03-22,18.73,18.81,18.66,18.72,2711903
2023-03-23,18.91,18.93,18.79,18.8,4506535
2023-03-24,18.96,19.08,18.95,19.08,4193556
2023-03-27,19.32,19.38,19.27,19.28,3822195
2023-03-28,19.04,19.32,18.99,19.3,5098181
2023-03-29,19.03,19.07,18.99,19.03,7623861
2023-03-30,19.03,19.11,18.96,19.07,6014072
2023-03-31,19.11,19.11,19.06,19.07,4649863
2023-04-03,19.16,19.18,19.09,19.14,4954414
2023-04-04,19.92,20.05,19.82,19.93,2624958
2023-04-05,19.82,19.88,19.72,19.75,2349991
2023-04-06,19.86,19.97,19.75,19.91,3478257
2023-04-07,20.22,20.39,20.22,20.31,7478092
2023-04-10,20.22,20.38,20.1,20.35,7840151
2023-04-11,21.25,21.27,21.18,21.24,3298855
2023-04-12,21.29,21.31,21.06,21.11,3262732
2023-04-13,21.3,21.31,21.22,21.24,7390993
2023-04-14,20.96,21.02,20.9,20.95,2483272
2023-04-17,20.65,20.93,20.61,20.83,5549461
2023-04-18,21.02,21.03,20.88,20.93,5712188
2023-04-19,21.38,21.43,21.22,21.26,5828104
2023-04-20,21.35,21.56,21.32,21.39,7522478
2023-04-21,21.8,21.91,21.76,21.9,7037835
2023-04-24,21.73,21.95,21.51,21.87,5056330
2023-04-25,21.61,21.81,21.57,21.75,2123413
2023-04-26,22.87,22.89,22.8,22.85,3611928
2023-04-27,23.11,23.14,23.0,23.02,4149694
2023-04-28,22.77,22.86,22.72,22.74,4237262
2023-05-01,22.61,22.74,22.41,22.46,7494540
2023-05-02,22.09,22.25,22.09,22.1,5815394
2023-05-03,22.45,22.6,22.39,22.48,2041872
2023-05-04,22.32,22.39,22.24,22.35,2189466
2023-05-05,22.4,22.42,22.34,22.41,6283354
2023-05-08,22.59,22.66,22.32,22.4,2531408
2023-05-09,22.76,22.8,22.6,22.71,6937519
2023-05-10,22.44,22.52,22.36,22.37,7102629
2023-05-11,22.09,22.09,21.85,21.95,3712490
2023-05-12,21.99,22.06,21.9,22.05,3665517
2023-05-15,22.51,22.52,22.3,22.31,2386309
2023-05-16,22.37,22.5,22.27,22.45,5478783
2023-05-17,22.21,22.27,22.03,22.14,4322228
2023-05-18,22.55,22.59,22.38,22.42,2154421
2023-05-19,22.15,22.28,22.12,22.13,3080344
2023-05-22,21.99,22.07,21.77,21.94,4906222
2023-05-23,21.54,21.6,21.51,21.58,2155380
2023-05-24,22.06,22.19,21.94,22.1,4648054
2023-05-25,22.39,22.44,22.29,22.37,2338300
2023-05-26,22.59,22.7,22.54,22.62,6346988
2023-05-29,23.14,23.2,23.1,23.15,7026929
2023-05-30,24.39,24.39,24.3,24.36,2257536
2023-05-31,23.7,23.79,23.57,23.63,7267566
2023-06-01,23.35,23.37,23.32,23.33,5647752
2023-06-02,22.98,23.15,22.93,23.09,2410355
2023-06-05,22.74,22.96,22.73,22.75,7622736
2023-06-06,22.26,22.34,22.22,22.32,6159200
2023-06-07,22.24,22.25,22.16,22.21,3787827
2023-06-08,21.8,21.86,21.68,21.74,7153593
2023-06-09,21.93,22.05,21.88,21.89,6504163
2023-06-12,21.93,21.95,21.74,21.92,4548252
2023-06-13,22.16,22.18,22.02,22.12,3953827
2023-06-14,22.28,22.41,22.22,22.33,7331469
2023-06-15,22.73,22.83,22.59,22.59,3193925
2023-06-16,22.55,22.59,22.45,22.45,6531144
2023-06-19,23.27,23.46,23.21,23.33,4765571
2023-06-20,23.43,23.55,23.32,23.44,3201128
2023-06-21,22.72,22.81,22.65,22.68,5170663
2023-06-22,22.33,22.39,22.22,22.29,4445674
2023-06-23,21.61,21.66,21.52,21.61,6202276
2023-06-26,21.53,21.68,21.53,21.63,6598954
2023-06-27,21.68,21.84,21.55,21.59,2210721
2023-06-28,21.46,21.49,21.35,21.42,3423585
2023-06-29,22.2,22.22,22.16,22.22,7893629
2023-06-30,22.42,22.56,22.31,22.45,5623874
2023-07-03,22.67,22.92,22.54,22.76,7887037
2023-07-04,22.25,22.46,22.17,22.39,7741147
2023-07-05,22.01,22.03,22.0,22.01,6103879
2023-07-06,22.17,22.27,22.0,22.03,4732546
2023-07-07,22.2,22.28,22.02,22.11,3984940
2023-07-10,21.42,21.47,21.34,21.4,6353614
2023-07-11,21.42,21.42,21.21,21.34,6462303
2023-07-12,21.35,21.48,21.31,21.35,2345997
2023-07-13,21.16,21.29,21.09,21.28,6890266
2023-07-14,20.81,21.02,20.8,20.98,6557321
2023-07-17,20.88,20.91,20.7,20.79,4171703
2023-07-18,20.65,20.78,20.55,20.73,3467407
2023-07-19,20.84,21.02,20.75,20.78,2880875
2023-07-20,21.01,21.03,20.95,21.02,5679185
2023-07-21,21.48,21.57,21.41,21.44,5766787
2023-07-24,21.33,21.37,21.29,21.34,4875260
2023-07-25,21.31,21.34,21.09,21.17,4740636
2023-07-26,21.37,21.38,21.33,21.35,7592187
2023-07-27,21.57,21.67,21.48,21.6,2748018
2023-07-28,21.52,21.56,21.41,21.44,6947928
2023-07-31,21.86,21.88,21.72,21.76,6966548
2023-08-01,22.19,22.29,22.06,22.16,3436069
2023-08-02,22.64,22.69,22.57,22.69,2716873
2023-08-03,23.25,23.46,23.14,23.44,3093460
2023-08-04,23.13,23.2,22.97,23.09,2285916
2023-08-07,23.06,23.17,23.04,23.11,4849598
2023-08-08,23.09,23.13,23.01,23.12,2320667
2023-08-09,23.13,23.21,23.05,23.09,4263869
2023-08-10,22.88,22.95,22.77,22.84,4080582
2023-08-11,22.41,22.42,22.19,22.24,7765642
2023-08-14,22.29,22.31,22.17,22.29,6014946
2023-08-15,21.9,22.04,21.85,22.0,4295774
2023-08-16,22.12,22.17,22.03,22.04,6804456
2023-08-17,21.88,21.89,21.73,21.74,7041295
2023-08-18,21.34,21.38,21.28,21.33,4943192
2023-08-21,21.27,21.51,21.26,21.43,3613238
2023-08-22,21.41,21.59,21.38,21.49,2703674
2023-08-23,21.76,21.85,21.73,21.73,3179856
2023-08-24,22.8,22.8,22.53,22.61,5903122
2023-08-25,22.82,22.9,22.65,22.74,5935909
2023-08-28,23.04,23.21,22.95,22.95,7605106
2023-08-29,22.55,22.56,22.5,22.52,6643413
2023-08-30,21.83,22.02,21.72,22.02,4777420
2023-08-31,22.68,22.8,22.62,22.66,5794686
2023-09-01,22.27,22.33,22.24,22.3,5087861
2023-09-04,21.73,21.95,21.7,21.9,4054796
2023-09-05,21.93,22.02,21.87,21.89,2925305
2023-09-06,21.9,21.93,21.81,21.87,3503948
2023-09-07,21.5,21.64,21.41,21.53,4346513
2023-09-08,21.42,21.47,21.35,21.42,7385589
2023-09-11,21.99,22.09,21.89,21.91,7813822
2023-09-12,21.46,21.71,21.31,21.6,2981699
2023-09-13,21.07,21.08,21.05,21.08,2854000
2023-09-14,21.34,21.49,21.34,21.45,6845040
2023-09-15,21.7,21.89,21.56,21.65,2010504
2023-09-18,21.26,21.43,21.23,21.42,6847131
2023-09-19,20.87,20.92,20.76,20.83,3909541
2023-09-20,20.54,20.62,20.48,20.56,6760968
2023-09-21,20.5,20.59,20.5,20.55,2439480
2023-09-22,21.07,21.13,20.86,21.0,2419591
2023-09-25,20.72,20.74,20.59,20.62,3165396
2023-09-26,20.68,20.81,20.6,20.6,4256405
2023-09-27,20.86,20.88,20.74,20.86,6551428
2023-09-28,20.16,20.19,19.97,20.0,4033644
2023-09-29,20.36,20.42,20.28,20.38,3606973
2023-10-02,20.03,20.04,19.92,19.97,4686114
2023-10-03,20.08,20.11,20.07,20.1,7991615
2023-10-04,20.08,20.24,20.06,20.19,7462170
2023-10-05,20.63,20.75,20.57,20.6,4013532
2023-10-06,20.78,20.88,20.77,20.82,5800774
2023-10-09,19.99,20.01,19.89,19.96,7048367
2023-10-10,19.79,19.81,19.62,19.69,5171198
2023-10-11,19.83,19.94,19.74,19.75,4799875
2023-10-12,19.77,19.86,19.52,19.69,5470479
2023-10-13,20.01,20.08,19.86,19.87,6478670
2023-10-16,20.11,20.3,20.01,20.16,2986879
2023-10-17,20.35,20.44,20.32,20.39,5108136
2023-10-18,20.42,20.47,20.31,20.32,3575590
2023-10-19,19.74,19.79,19.61,19.67,6932669
2023-10-20,19.46,19.55,19.42,19.52,2585497
2023-10-23,19.61,19.71,19.56,19.68,5412629
2023-10-24,19.31,19.32,19.3,19.3,7404964
2023-10-25,19.66,19.66,19.42,19.53,3927179
2023-10-26,19.79,19.88,19.78,19.87,7511958
2023-10-27,19.87,19.94,19.86,19.92,5262293
2023-10-30,18.81,18.92,18.77,18.86,7219684
2023-10-31,18.3,18.46,18.28,18.44,2809205
2023-11-01,19.2,19.32,19.05,19.09,5227304
2023-11-02,18.97,18.99,18.81,18.91,3159428
2023-11-03,18.19,18.31,18.15,18.26,4755603
2023-11-06,18.7,18.77,18.64,18.68,4925113
2023-11-07,18.73,18.76,18.67,18.69,7027307
2023-11-08,19.08,19.17,19.06,19.07,3581012
2023-11-09,19.08,19.2,19.07,19.18,4002181
2023-11-10,19.46,19.51,19.33,19.35,4986846
2023-11-13,19.48,19.54,19.45,19.48,7276576
2023-11-14,19.83,19.86,19.71,19.74,3996574
2023-11-15,20.47,20.6,20.46,20.58,6326636
2023-11-16,20.79,20.98,20.76,20.95,7396736
2023-11-17,20.45,20.47,20.32,20.37,7163712
2023-11-20,20.42,20.63,20.39,20.55,2083376
2023-11-21,21.0,21.06,20.97,20.99,7323703
2023-11-22,21.38,21.5,21.34,21.46,2811511
2023-11-23,21.34,21.39,21.3,21.3,2448257
2023-11-24,21.65,21.81,21.62,21.76,3814048
2023-11-27,22.19,22.22,22.12,22.14,2758697
2023-11-28,23.42,23.48,23.13,23.2,4536984
2023-11-29,22.9,22.94,22.74,22.9,4803716
2023-11-30,22.83,22.84,22.61,22.71,7172810
2023-12-01,22.73,22.78,22.57,22.59,2112898
2023-12-04,22.37,22.53,22.34,22.41,5742454
2023-12-05,22.12,22.18,22.02,22.06,5900661
2023-12-06,20.98,21.1,20.93,21.0,2105389
2023-12-07,20.81,20.94,20.78,20.85,4193345
2023-12-08,21.06,21.18,20.97,21.0,7242837
2023-12-11,20.84,20.9,20.74,20.82,2073101
2023-12-12,21.62,21.7,21.53,21.57,6697349
2023-12-13,21.56,21.59,21.55,21.59,6050956
2023-12-14,22.15,22.22,21.95,22.1,7295519
2023-12-15,22.31,22.32,22.17,22.22,3335050
2023-12-18,22.58,22.59,22.52,22.56,4950585
2023-12-19,22.75,22.82,22.69,22.69,6220415
2023-12-20,23.08,23.3,23.07,23.27,4279002
2023-12-21,23.34,23.39,23.29,23.3,2528047
2023-12-22,23.29,23.55,23.28,23.52,5989861
2023-12-25,23.63,23.74,23.55,23.69,6785743
2023-12-26,23.6,23.6,23.46,23.58,7033890
2023-12-27,23.73,23.83,23.62,23.76,6397529
2023-12-28,24.62,24.78,24.51,24.75,6420314
2023-12-29,24.69,24.84,24.63,24.64,6664661
2024-01-01,24.95,24.98,24.76,24.84,4078371
2024-01-02,25.38,25.44,25.3,25.42,7982167
2024-01-03,26.04,26.16,25.94,25.96,7701389
2024-01-04,26.15,26.2,25.92,25.98,3942925
2024-01-05,24.84,24.91,24.83,24.9,7405587
2024-01-08,25.07,25.15,25.03,25.15,3780751
2024-01-09,24.35,24.5,24.06,24.18,7165589
2024-01-10,24.99,25.04,24.71,24.84,2479883
2024-01-11,24.99,25.1,24.92,24.93,4401679
2024-01-12,25.22,25.49,25.22,25.39,3621005
2024-01-15,25.23,25.29,24.86,24.99,4829343
2024-01-16,24.33,24.42,24.21,24.32,3484669
2024-01-17,24.51,24.71,24.41,24.44,7968558
2024-01-18,24.44,24.66,24.34,24.44,4970901
2024-01-19,24.2,24.4,24.15,24.24,4724478
2024-01-22,24.15,24.32,24.13,24.29,5585948
2024-01-23,25.42,25.69,25.39,25.54,3737147
2024-01-24,25.85,26.0,25.84,25.94,5857540
2024-01-25,26.36,26.45,26.34,26.45,3119965
2024-01-26,26.72,26.95,26.69,26.87,5801601
2024-01-29,27.57,27.66,27.55,27.61,6808676
2024-01-30,27.62,27.65,27.46,27.53,6035470
2024-01-31,26.51,26.59,26.5,26.54,2043444
2024-02-01,26.46,26.51,26.42,26.46,5089310
2024-02-02,27.05,27.07,26.84,26.87,6558054
2024-02-05,26.15,26.45,26.13,26.41,4055052
2024-02-06,26.37,26.42,26.21,26.34,6060385
2024-02-07,26.12,26.15,25.98,26.03,2449331
2024-02-08,26.77,26.85,26.73,26.76,6654293
2024-02-09,26.91,27.24,26.84,27.13,7873982
2024-02-12,27.38,27.55,27.37,27.47,4124233
2024-02-13,27.8,27.83,27.65,27.79,7050691
2024-02-14,27.73,27.8,27.66,27.79,6906970
2024-02-15,27.95,28.06,27.81,27.9,2350536
2024-02-16,27.28,27.37,27.24,27.32,7601514
2024-02-19,26.17,26.38,26.15,26.28,7231986
2024-02-20,26.28,26.47,26.22,26.37,4122250
2024-02-21,26.4,26.59,26.39,26.53,3571643
2024-02-22,27.11,27.13,27.06,27.13,7078157
2024-02-23,28.0,28.0,27.92,27.92,6909178
2024-02-26,28.7,28.81,28.52,28.74,2940728
2024-02-27,28.28,28.33,28.16,28.24,7215851
2024-02-28,28.02,28.09,28.0,28.08,6671258
2024-02-29,28.34,28.62,28.33,28.33,3332900
2024-03-01,29.68,29.71,29.57,29.67,2914252
2024-03-04,30.28,30.59,30.17,30.49,3997046
2024-03-05,31.24,31.28,31.12,31.12,4338771
2024-03-06,31.08,31.1,30.87,30.92,2483852
2024-03-07,30.35,30.55,30.21,30.45,7086563
2024-03-08,30.81,30.95,30.8,30.9,5576959
2024-03-11,30.25,30.42,30.21,30.31,7842213
2024-03-12,30.02,30.28,29.78,30.19,3131097
2024-03-13,30.01,30.24,29.97,30.15,6414157
2024-03-14,30.97,31.09,30.83,31.04,2805015
2024-03-15,30.66,31.0,30.58,30.86,2647275
2024-03-18,29.44,29.61,29.4,29.55,3780066
2024-03-19,29.93,29.97,29.68,29.83,7557801
2024-03-20,29.44,29.59,29.4,29.47,3188796
2024-03-21,29.43,29.6,29.32,29.51,6097777
2024-03-22,29.45,29.6,29.4,29.48,4809535
2024-03-25,29.54,29.79,29.23,29.35,2932751
2024-03-26,29.87,29.96,29.72,29.78,3613792
2024-03-27,28.79,29.08,28.63,28.99,6445110
2024-03-28,28.77,28.78,28.64,28.73,2962352
2024-03-29,29.14,29.22,29.07,29.1,2558817
2024-04-01,28.62,28.83,28.59,28.8,3391493
2024-04-02,28.11,28.15,27.97,27.99,3372470
2024-04-03,28.33,28.4,28.24,28.34,4588897
2024-04-04,28.81,28.94,28.77,28.94,2679343
2024-04-05,28.91,29.05,28.84,28.93,5996057
2024-04-08,27.8,28.01,27.74,27.94,4475523
2024-04-09,28.37,28.43,28.15,28.31,5414020
2024-04-10,27.43,27.59,27.4,27.49,5175446
2024-04-11,27.57,27.78,27.5,27.66,3738798
2024-04-12,27.14,27.34,27.13,27.23,7733656
2024-04-15,26.7,26.75,26.68,26.68,6278034
2024-04-16,26.51,26.52,26.44,26.49,2208626
2024-04-17,26.31,26.53,26.19,26.41,7975571
2024-04-18,25.89,26.2,25.84,26.12,6356945
2024-04-19,26.33,26.43,26.29,26.41,6793411
2024-04-22,26.17,26.24,26.14,26.21,5802950
2024-04-23,26.71,26.77,26.66,26.69,7880673
2024-04-24,26.8,26.9,26.73,26.84,4636740
2024-04-25,26.54,26.74,26.52,26.52,2164242
2024-04-26,26.22,26.27,26.09,26.12,5912525
2024-04-29,25.3,25.44,25.23,25.37,5645200
2024-04-30,25.47,25.58,25.44,25.52,2872072
2024-05-01,25.32,25.45,25.29,25.37,4853236
2024-05-02,24.26,24.37,24.21,24.32,2093312
2024-05-03,24.13,24.21,24.08,24.1,2654672
2024-05-06,23.75,23.84,23.67,23.72,2913942
2024-05-07,24.57,24.59,24.37,24.42,6142363
2024-05-08,23.74,23.89,23.63,23.69,6488353
2024-05-09,23.08,23.11,23.07,23.1,3759262
2024-05-10,23.44,23.62,23.39,23.58,7310955
2024-05-13,24.27,24.31,24.07,24.17,4481430
2024-05-14,23.82,23.98,23.82,23.86,5614188
2024-05-15,23.6,23.75,23.55,23.6,7030171
2024-05-16,24.12,24.29,23.81,23.88,6130459
2024-05-17,22.88,22.96,22.85,22.91,2446434
2024-05-20,22.22,22.24,22.13,22.17,5425604
2024-05-21,22.04,22.07,22.0,22.07,7894515
2024-05-22,22.79,22.87,22.67,22.7,2983794
2024-05-23,22.59,22.67,22.43,22.54,6733852
2024-05-24,22.68,22.76,22.47,22.59,4732044
2024-05-27,22.96,23.1,22.92,23.06,3396563
2024-05-28,24.01,24.06,23.93,23.97,3114045
2024-05-29,23.76,23.86,23.72,23.73,3824643
2024-05-30,23.78,23.79,23.63,23.74,6516300
2024-05-31,24.38,24.56,24.27,24.54,3234345
2024-06-03,23.91,23.95,23.85,23.89,7460420
2024-06-04,24.37,24.47,24.3,24.35,2828659
2024-06-05,23.99,24.07,23.86,23.92,2604108
2024-06-06,24.07,24.09,23.89,23.97,5812469
2024-06-07,23.78,24.05,23.72,23.88,3910015
2024-06-10,23.34,23.51,23.33,23.48,3632885
2024-06-11,23.25,23.38,23.01,23.08,2378124
2024-06-12,23.15,23.29,23.07,23.21,3076351
2024-06-13,23.77,23.82,23.6,23.64,5596297
2024-06-14,23.74,23.77,23.54,23.6,3189215
2024-06-17,23.72,23.78,23.59,23.64,2496617
2024-06-18,24.01,24.03,23.84,23.9,5376764
2024-06-19,23.47,23.53,23.36,23.49,2109721
2024-06-20,23.83,24.01,23.75,23.82,6711255
2024-06-21,24.26,24.29,24.16,24.19,3488819
2024-06-24,25.3,25.49,25.19,25.36,5695036
2024-06-25,25.13,25.22,25.09,25.2,6490178
2024-06-26,24.97,25.02,24.95,25.01,7625629
2024-06-27,25.18,25.37,25.17,25.37,3341170
2024-06-28,25.82,25.85,25.75,25.76,7143196
2024-07-01,25.52,25.58,25.35,25.52,5475276
2024-07-02,25.51,25.54,25.2,25.35,5753373
2024-07-03,25.66,25.72,25.6,25.61,6194453
2024-07-04,25.42,25.51,25.14,25.25,7729568
2024-07-05,25.17,25.19,25.04,25.07,7835901
2024-07-08,25.18,25.24,25.09,25.13,4903230
2024-07-09,25.72,25.78,25.44,25.59,7941916
2024-07-10,25.19,25.33,25.18,25.33,7528511
2024-07-11,24.62,24.74,24.42,24.52,2521838
2024-07-12,23.69,23.84,23.65,23.7,2955395
2024-07-15,23.07,23.24,23.04,23.18,3269778
2024-07-16,22.54,22.67,22.49,22.65,4394389
2024-07-17,22.67,22.72,22.52,22.59,4798337
2024-07-18,22.15,22.17,22.08,22.13,4207391
2024-07-19,21.82,21.96,21.8,21.86,4698363
2024-07-22,21.38,21.61,21.31,21.57,7015348
2024-07-23,21.4,21.45,21.39,21.41,4534291
2024-07-24,21.98,22.09,21.92,21.94,4737604
2024-07-25,22.11,22.25,22.03,22.21,6844532
2024-07-26,22.17,22.24,22.15,22.23,3485731
2024-07-29,21.97,22.08,21.9,22.05,6317699
2024-07-30,21.99,22.01,21.84,21.89,3101258
2024-07-31,22.04,22.05,21.97,22.03,4488618
2024-08-01,22.24,22.32,22.2,22.28,2478438
2024-08-02,21.83,21.99,21.73,21.93,5423227
2024-08-05,22.12,22.14,21.95,21.95,7473715
2024-08-06,21.12,21.2,21.1,21.18,2281397
2024-08-07,21.34,21.39,21.23,21.27,4877712
2024-08-08,21.66,21.72,21.45,21.57,4057041
2024-08-09,21.45,21.53,21.35,21.47,5936221
2024-08-12,22.25,22.27,22.09,22.2,2387862
2024-08-13,21.86,21.89,21.77,21.86,7286875
2024-08-14,21.88,22.08,21.87,21.96,2478514
2024-08-15,21.88,21.99,21.85,21.95,7162467
2024-08-16,21.92,21.97,21.89,21.93,3615916
2024-08-19,22.0,22.09,21.89,21.89,5573589
2024-08-20,21.92,21.97,21.89,21.95,3287049
2024-08-21,22.3,22.38,22.26,22.29,2761152
2024-08-22,22.95,22.97,22.82,22.87,4854041
2024-08-23,22.97,23.01,22.86,22.88,4027537
2024-08-26,23.11,23.35,23.05,23.23,4659496
2024-08-27,23.19,23.19,22.81,22.95,3622313
2024-08-28,23.37,23.38,23.24,23.28,2495518
2024-08-29,22.94,23.18,22.87,22.97,7909245
2024-08-30,23.48,23.51,23.43,23.44,5615597
2024-09-02,24.53,24.64,24.38,24.4,6105683
2024-09-03,24.29,24.39,24.19,24.36,6063384
2024-09-04,23.41,23.46,23.32,23.43,7893896
2024-09-05,23.16,23.22,23.1,23.21,7793959
2024-09-06,23.61,23.76,23.56,23.74,3055908
2024-09-09,23.96,24.06,23.81,23.99,3818033
2024-09-10,24.09,24.14,24.07,24.11,6749823
2024-09-11,24.45,24.61,24.36,24.57,7509597
2024-09-12,24.78,24.81,24.77,24.79,2210029
2024-09-13,25.36,25.43,25.28,25.36,6190711
2024-09-16,25.76,25.83,25.71,25.79,2833938
2024-09-17,26.59,26.64,26.43,26.52,2067123
2024-09-18,26.58,26.73,26.55,26.71,6206776
2024-09-19,27.22,27.33,27.01,27.16,7826587
2024-09-20,26.65,27.08,26.65,27.02,4261355
2024-09-23,26.98,27.12,26.72,26.74,5113637
2024-09-24,27.59,27.61,27.57,27.59,3460043
2024-09-25,27.66,27.95,27.62,27.71,7001174
2024-09-26,28.2,28.25,28.03,28.13,5244787
2024-09-27,28.19,28.34,28.12,28.21,7554876
2024-09-30,27.9,27.99,27.82,27.93,3348491
2024-10-01,27.94,27.96,27.88,27.95,4589281
2024-10-02,28.76,28.82,28.67,28.69,7347913
2024-10-03,28.86,29.14,28.82,29.0,3365014
2024-10-04,28.21,28.28,28.07,28.13,7597586
2024-10-07,27.98,28.12,27.94,28.03,7175298
2024-10-08,29.03,29.13,28.93,28.96,3514855
2024-10-09,28.77,28.9,28.66,28.87,4227680
2024-10-10,27.83,28.1,27.76,27.96,6705413
2024-10-11,28.93,29.08,28.83,28.94,6388681
2024-10-14,29.19,29.44,29.15,29.32,4916495
2024-10-15,29.22,29.42,29.17,29.29,6368339
2024-10-16,29.2,29.22,29.04,29.11,6065840
2024-10-17,29.78,29.83,29.66,29.7,7044010
2024-10-18,29.36,29.5,29.31,29.43,6883656
2024-10-21,30.03,30.14,29.95,30.06,3583381
2024-10-22,30.41,30.53,30.34,30.37,6683398
2024-10-23,30.42,30.7,30.28,30.52,7523134
2024-10-24,30.4,30.73,30.37,30.61,6766771
2024-10-25,30.41,30.59,30.39,30.53,3848168
2024-10-28,31.26,31.4,31.02,31.13,2370284
2024-10-29,30.87,30.99,30.65,30.66,7481608
2024-10-30,29.84,29.91,29.62,29.79,5082755
2024-10-31,29.98,30.27,29.96,30.14,2571286
2024-11-01,30.54,30.59,30.39,30.5,3589630
2024-11-04,30.83,30.89,30.73,30.78,7725603
2024-11-05,31.08,31.15,30.98,31.02,3221701
2024-11-06,31.07,31.18,30.79,30.86,7826979
2024-11-07,31.45,31.51,31.17,31.31,5398482
2024-11-08,31.46,31.49,31.29,31.3,5174010
2024-11-11,30.96,31.06,30.95,31.05,2838323
2024-11-12,30.85,30.92,30.83,30.89,4158357
2024-11-13,32.05,32.09,32.03,32.05,6736246
2024-11-14,31.18,31.25,31.05,31.08,5209392
2024-11-15,31.37,31.44,31.33,31.38,4892448
2024-11-18,30.55,30.58,30.43,30.46,7607525
2024-11-19,30.54,30.65,30.4,30.41,3095212
2024-11-20,30.24,30.32,30.05,30.19,2428037
2024-11-21,29.31,29.44,29.04,29.09,2909390
2024-11-22,29.29,29.41,29.23,29.31,7895211
2024-11-25,29.21,29.22,29.09,29.13,5751437
2024-11-26,27.97,28.1,27.89,28.06,4594931
2024-11-27,28.51,28.67,28.42,28.5,3062656
2024-11-28,29.37,29.54,29.15,29.26,3741331
2024-11-29,30.27,30.39,30.0,30.07,7816885
2024-12-02,30.32,30.41,30.28,30.28,6796430
2024-12-03,30.49,30.63,30.09,30.32,5941710
2024-12-04,31.3,31.39,31.01,31.07,5907549
2024-12-05,32.05,32.12,31.92,32.04,5302845
2024-12-06,32.89,32.91,32.67,32.72,7956324
2024-12-09,32.38,32.5,32.07,32.19,2206719
2024-12-10,32.3,32.32,32.26,32.32,5421274
2024-12-11,32.7,32.75,32.51,32.59,6329677
2024-12-12,31.34,31.74,31.33,31.56,3421713
2024-12-13,31.6,31.92,31.52,31.85,4755577
2024-12-16,33.04,33.41,33.03,33.2,4428864
2024-12-17,33.64,33.67,33.42,33.6,2768024
2024-12-18,34.61,34.81,34.37,34.52,4050031
2024-12-19,34.4,34.68,34.29,34.65,2699382
2024-12-20,34.59,34.67,34.58,34.62,3188494
2024-12-23,34.85,35.01,34.77,34.88,6450182
2024-12-24,34.21,34.48,34.09,34.38,6996008
2024-12-25,33.77,33.82,33.72,33.81,7255636
2024-12-26,34.75,34.79,34.59,34.61,5860437
2024-12-27,35.49,35.62,35.45,35.49,4584123
2024-12-30,35.02,35.12,34.81,34.88,6528477
2024-12-31,35.63,35.76,35.47,35.51,2499635
2025-01-01,35.56,35.64,35.46,35.47,5877897
2025-01-02,35.69,35.71,35.59,35.71,5974761
2025-01-03,36.07,36.24,35.99,36.02,3770808
2025-01-06,36.54,36.78,36.5,36.69,6457481
2025-01-07,36.95,37.04,36.66,36.77,3859515
2025-01-08,38.01,38.07,37.68,37.73,2866122
2025-01-09,37.77,38.04,37.65,37.96,3382103
2025-01-10,38.23,38.49,38.19,38.41,6705858
2025-01-13,37.85,38.0,37.79,37.85,4489509
2025-01-14,39.17,39.54,38.99,39.37,3213386
2025-01-15,39.82,40.1,39.51,39.73,3430309
2025-01-16,40.06,40.4,39.79,40.26,2548471
2025-01-17,39.5,39.57,38.93,39.13,3721517
2025-01-20,38.88,39.1,38.41,38.58,7167357
2025-01-21,39.58,39.69,39.43,39.47,4315143
2025-01-22,39.61,39.74,39.39,39.69,3166393
2025-01-23,38.55,38.63,38.33,38.36,6511047
2025-01-24,39.04,39.25,38.96,39.11,2939590
2025-01-27,38.6,38.79,38.47,38.75,2838179
2025-01-28,39.45,39.96,39.39,39.76,7608280
2025-01-29,39.58,39.75,39.45,39.72,6646370
2025-01-30,40.13,40.21,39.88,39.89,5950853
2025-01-31,41.0,41.03,40.76,40.76,3832302
2025-02-03,40.23,40.24,40.04,40.13,6156235
2025-02-04,39.43,39.6,39.41,39.44,5174780
2025-02-05,39.09,39.45,39.03,39.32,3003046
2025-02-06,39.83,39.98,39.72,39.93,7731193
2025-02-07,38.92,39.29,38.83,39.0,3044393
2025-02-10,37.84,37.92,37.6,37.87,3753366
2025-02-11,38.31,38.53,38.18,38.45,2063112
2025-02-12,38.17,38.21,37.95,38.06,4927725
2025-02-13,37.7,37.88,37.62,37.81,4652464
2025-02-14,36.5,36.79,36.37,36.58,6920349
2025-02-17,36.24,36.32,36.09,36.16,2646427
2025-02-18,36.24,36.32,36.09,36.17,5458328
2025-02-19,36.96,37.12,36.67,36.8,4998707
2025-02-20,36.2,36.33,36.11,36.31,7052343
2025-02-21,37.56,37.65,37.39,37.43,5492223
2025-02-24,36.74,37.04,36.66,36.99,2792816
2025-02-25,36.52,36.74,36.33,36.56,4995273
2025-02-26,37.44,37.75,37.38,37.6,7496730
2025-02-27,37.74,37.91,37.72,37.76,6399992
2025-02-28,37.6,37.71,37.24,37.41,2748745
2025-03-03,36.98,37.36,36.8,37.32,2606522
2025-03-04,38.46,38.49,38.23,38.26,6533165
2025-03-05,39.5,39.67,39.22,39.3,3400561
2025-03-06,38.68,38.85,38.54,38.75,6263200
2025-03-07,38.61,38.79,38.49,38.74,5785922
2025-03-10,38.87,38.99,38.79,38.82,4142800
2025-03-11,37.87,38.43,37.85,38.16,7400287
2025-03-12,38.34,38.6,38.05,38.14,5996207
2025-03-13,38.44,38.46,38.14,38.16,4440400
2025-03-14,38.85,39.27,38.8,38.97,4447178
2025-03-17,39.75,39.93,39.72,39.85,5401076
2025-03-18,39.73,39.81,39.51,39.63,7220185
2025-03-19,39.37,39.56,39.28,39.5,5200755
2025-03-20,39.88,40.02,39.81,40.0,2105910
2025-03-21,39.71,39.96,39.46,39.6,6629515
2025-03-24,40.03,40.11,39.95,40.04,6535228
2025-03-25,40.1,40.23,39.95,39.99,5285084
2025-03-26,39.55,39.75,39.1,39.32,3735767
2025-03-27,38.53,38.68,38.47,38.67,3859659
2025-03-28,39.74,39.78,39.66,39.71,4861863
2025-03-31,39.43,39.72,39.33,39.62,4280124
2025-04-01,40.99,41.27,40.73,40.83,3202438
2025-04-02,40.45,40.77,40.43,40.47,7465530
2025-04-03,40.73,40.92,40.62,40.7,7607753
2025-04-04,42.76,42.93,42.48,42.52,7301566
2025-04-07,41.48,41.95,41.36,41.74,5874239
2025-04-08,40.41,40.48,40.26,40.35,7568517
2025-04-09,41.13,41.37,41.13,41.32,7072666
2025-04-10,40.81,40.81,40.56,40.73,4896038
2025-04-11,40.43,40.81,40.42,40.74,3840112
2025-04-14,40.25,40.37,40.17,40.33,4009630
2025-04-15,40.47,40.61,40.45,40.54,5836260
2025-04-16,40.07,40.25,39.76,39.88,7903514
2025-04-17,39.83,39.84,39.75,39.77,2684614
2025-04-18,39.91,40.22,39.72,40.11,3295083
2025-04-21,39.3,39.56,39.27,39.41,6171347
2025-04-22,39.1,39.27,38.9,38.93,2124535
2025-04-23,38.66,38.78,38.6,38.71,7840545
2025-04-24,37.77,37.78,37.66,37.75,2041174
2025-04-25,37.4,37.73,37.35,37.48,6631689
2025-04-28,37.71,37.76,37.55,37.58,7583477
2025-04-29,37.49,37.5,37.19,37.33,7401152
2025-04-30,37.49,37.55,37.1,37.16,5145774
2025-05-01,37.07,37.36,37.04,37.17,6897963
2025-05-02,36.65,36.82,36.59,36.75,2373364
2025-05-05,37.25,37.35,37.2,37.23,7868981
2025-05-06,38.16,38.23,38.09,38.22,3286178
2025-05-07,37.68,37.96,37.63,37.93,7504412
2025-05-08,38.42,38.46,38.2,38.28,5940356
2025-05-09,38.3,38.36,38.02,38.13,3963527
2025-05-12,38.18,38.5,38.01,38.4,4660065
2025-05-13,39.44,39.57,39.42,39.52,4629660
2025-05-14,40.09,40.19,39.87,39.9,2322790
2025-05-15,38.33,38.94,38.3,38.67,3427978
2025-05-16,39.03,39.11,38.89,39.01,4951842
2025-05-19,39.93,40.1,39.78,39.9,5419070
2025-05-20,39.66,39.82,39.53,39.76,2639207
2025-05-21,40.55,40.64,40.46,40.5,6157028
2025-05-22,40.09,40.2,39.92,40.02,4106401
2025-05-23,38.76,39.04,38.66,38.98,2105971
2025-05-26,39.26,39.3,39.0,39.1,3608985
2025-05-27,37.87,37.92,37.81,37.91,6953094
2025-05-28,37.99,38.19,37.64,37.76,4210477
2025-05-29,38.45,38.75,38.24,38.67,3974310
2025-05-30,37.3,37.59,37.12,37.38,4734717
2025-06-02,36.43,36.77,36.27,36.54,2659812
2025-06-03,35.8,35.95,35.78,35.89,3544212
2025-06-04,36.18,36.33,35.83,35.87,2291088
2025-06-05,35.59,35.68,35.58,35.65,7068617
2025-06-06,36.57,36.6,36.55,36.58,2333784
2025-06-09,37.21,37.25,37.09,37.23,3986763
2025-06-10,37.5,37.66,37.21,37.58,6087015
2025-06-11,37.6,37.79,37.57,37.7,6733631
2025-06-12,38.09,38.11,37.96,37.99,5090980
2025-06-13,37.3,37.54,37.25,37.42,7062568
2025-06-16,38.08,38.32,37.67,38.02,6143610
2025-06-17,37.38,37.48,37.05,37.29,4570118
2025-06-18,37.83,38.03,37.77,37.87,6279555
2025-06-19,38.75,38.81,38.55,38.71,6415797
2025-06-20,38.75,38.99,38.57,38.87,7700594
2025-06-23,38.74,38.78,38.54,38.77,7600272
2025-06-24,38.81,39.12,38.72,39.07,2373980
2025-06-25,36.99,37.14,36.99,37.13,6675982
2025-06-26,37.38,37.39,37.23,37.35,2885863
2025-06-27,37.5,37.76,37.26,37.29,6659126
2025-06-30,37.35,37.38,37.11,37.27,5158737
2025-07-01,37.84,37.93,37.76,37.77,7908264
2025-07-02,37.85,38.04,37.64,37.74,2552532
2025-07-03,36.87,37.17,36.66,36.99,3633019
2025-07-04,36.87,37.1,36.84,36.91,5381354
2025-07-07,36.91,37.08,36.76,36.98,2372011
2025-07-08,36.81,37.23,36.72,37.07,5192514
2025-07-09,36.99,37.26,36.91,37.2,3916212
2025-07-10,37.98,38.07,37.9,37.92,6250064
2025-07-11,37.38,37.42,37.12,37.21,7348263
2025-07-14,37.39,37.45,37.31,37.34,3910148
2025-07-15,38.07,38.38,38.06,38.24,5874657
2025-07-16,37.23,37.37,37.08,37.08,7172344
2025-07-17,37.14,37.31,37.08,37.22,5728236
2025-07-18,36.65,36.85,36.63,36.85,3502408
2025-07-21,36.71,36.77,36.56,36.62,5976698
2025-07-22,36.15,36.23,35.91,36.05,3458805
2025-07-23,36.22,36.25,35.84,35.96,7602212
2025-07-24,37.13,37.32,37.12,37.19,4184875
2025-07-25,36.56,36.56,36.34,36.37,3428717
2025-07-28,35.6,35.65,35.48,35.63,3071671
2025-07-29,34.9,35.05,34.7,34.82,7269218
2025-07-30,36.17,36.36,35.74,35.94,4904269
2025-07-31,35.72,35.72,35.59,35.66,7987020
2025-08-01,35.79,35.97,35.64,35.66,3672589
2025-08-04,35.6,35.76,35.13,35.42,2227342
2025-08-05,35.01,35.05,34.8,34.84,3603879
2025-08-06,34.63,34.77,34.59,34.71,4398424
2025-08-07,36.53,36.56,36.16,36.3,3344158
2025-08-08,37.22,37.28,37.01,37.24,4843510
2025-08-11,36.6,36.92,36.53,36.69,4445716
2025-08-12,37.15,37.22,37.06,37.14,7799366
2025-08-13,36.88,36.96,36.45,36.6,2316264
2025-08-14,35.38,35.48,35.28,35.47,6701089
2025-08-15,36.27,36.38,36.01,36.15,2602232
2025-08-18,36.89,36.99,36.88,36.93,4968239
2025-08-19,37.99,38.11,37.61,37.65,6403197
2025-08-20,37.14,37.46,37.09,37.35,5084042
2025-08-21,37.06,37.31,36.99,37.26,4555972
2025-08-22,37.56,37.86,37.54,37.78,6212867
2025-08-25,38.03,38.08,37.9,38.07,7539255
2025-08-26,37.87,37.94,37.74,37.82,2038760
2025-08-27,36.55,36.81,36.45,36.75,2884542
2025-08-28,36.54,36.98,36.47,36.84,2120032
2025-08-29,37.51,37.7,37.37,37.58,6969167
2025-09-01,36.97,37.04,36.64,36.8,7306139
2025-09-02,36.96,37.36,36.89,37.25,6166892
2025-09-03,37.35,37.62,37.33,37.49,7318807
2025-09-04,38.16,38.37,37.89,38.02,6379195
2025-09-05,38.6,38.83,38.37,38.64,6070110
2025-09-08,38.19,38.23,38.11,38.18,2645305
2025-09-09,36.89,37.23,36.87,37.1,4531858
2025-09-10,36.81,36.92,36.56,36.76,3567832
2025-09-11,37.42,37.54,37.37,37.37,2281368
2025-09-12,37.16,37.3,36.98,37.03,3105072
2025-09-15,36.71,36.86,36.53,36.59,3624979
2025-09-16,35.41,35.49,35.41,35.43,4404239
2025-09-17,36.68,36.73,36.4,36.58,5008513
2025-09-18,36.96,37.28,36.93,37.15,4522177
2025-09-19,37.61,37.8,37.52,37.68,6174658
2025-09-22,38.47,38.55,38.32,38.37,4923280
2025-09-23,38.5,38.96,38.36,38.79,6451223
2025-09-24,38.44,38.9,38.44,38.63,6275175
2025-09-25,38.43,38.58,38.35,38.54,6487180
2025-09-26,38.35,38.38,38.1,38.26,5370108
2025-09-29,40.21,40.31,40.06,40.14,5242425
2025-09-30,40.39,40.71,40.28,40.57,5661298
2025-10-01,40.27,40.39,40.21,40.25,4413661
2025-10-02,40.81,40.98,40.59,40.61,6863615
2025-10-03,40.1,40.15,39.77,39.9,2957236
2025-10-06,40.71,41.05,40.45,41.01,5283673
2025-10-07,40.47,40.61,40.34,40.55,3012055
2025-10-08,41.09,41.2,40.87,40.93,6066811
2025-10-09,41.94,42.15,41.64,41.75,7316530
2025-10-10,41.99,42.11,41.99,42.06,7082386
2025-10-13,42.1,42.23,42.08,42.15,6835142
2025-10-14,42.32,42.38,42.17,42.18,5480339
2025-10-15,42.43,42.47,42.09,42.16,7219114
2025-10-16,41.66,42.03,41.63,41.74,3489765
2025-10-17,41.18,41.63,40.86,41.43,7381647
2025-10-20,42.5,42.66,42.42,42.57,7029988
2025-10-21,42.64,42.75,42.33,42.51,6578233
2025-10-22,41.53,42.04,41.51,41.93,7864676
2025-10-23,41.4,41.63,41.35,41.56,3974577
2025-10-24,42.48,42.51,42.41,42.42,6736445
2025-10-27,42.81,43.0,42.78,42.96,3093771
2025-10-28,43.36,43.59,43.18,43.41,5378707
2025-10-29,43.27,43.4,43.01,43.23,6053688
2025-10-30,43.7,43.72,43.68,43.7,2698583
2025-10-31,43.17,43.24,43.13,43.22,5355829
2025-11-03,42.93,43.15,42.92,43.04,4995240
2025-11-04,44.01,44.01,43.68,43.82,2336854
2025-11-05,44.76,44.81,44.35,44.54,6209733
2025-11-06,43.99,44.27,43.61,43.78,4167963
2025-11-07,43.33,43.4,43.08,43.13,2114399
2025-11-10,43.43,43.49,42.96,43.24,6893218
2025-11-11,44.49,44.92,44.45,44.63,2684093
2025-11-12,43.13,43.17,43.07,43.14,7209990
2025-11-13,43.72,43.73,43.3,43.37,4520636
2025-11-14,42.11,42.41,42.01,42.33,6894767
2025-11-17,41.72,41.96,41.69,41.88,5296834
2025-11-18,41.6,41.64,41.56,41.62,5992525
2025-11-19,41.23,41.4,41.13,41.33,6428681
2025-11-20,41.15,41.23,40.88,40.95,7552857
2025-11-21,40.91,40.98,40.81,40.98,3575880
2025-11-24,40.51,40.7,40.42,40.61,2230243
2025-11-25,39.42,39.58,39.39,39.57,3588499
2025-11-26,40.11,40.19,39.97,40.15,3681982
2025-11-27,40.65,40.73,40.5,40.72,7022426
2025-11-28,41.32,41.39,41.3,41.36,3962240
2025-12-01,40.23,40.4,40.22,40.25,7520450
2025-12-02,40.48,40.6,40.37,40.49,5623653
2025-12-03,41.08,41.12,40.98,41.01,4887420
2025-12-04,40.2,40.35,39.95,40.27,6783884
2025-12-05,40.53,40.64,40.24,40.3,7451458
2025-12-08,40.11,40.25,40.11,40.23,5696581
2025-12-09,41.78,41.95,41.58,41.61,3984360
2025-12-10,43.18,43.31,43.01,43.1,2780539
2025-12-11,41.85,41.9,41.79,41.85,3739001
2025-12-12,43.72,43.87,43.68,43.79,3795629
2025-12-15,43.04,43.19,42.98,43.1,4468638
2025-12-16,43.9,43.91,43.61,43.89,2238080
2025-12-17,44.99,45.11,44.54,44.68,7459519
2025-12-18,44.14,44.2,43.7,43.91,2887133
2025-12-19,44.13,44.33,43.83,44.33,5096218
2025-12-22,44.41,44.65,44.06,44.26,7193401
2025-12-23,44.65,44.81,44.56,44.73,5349436
2025-12-24,44.94,44.96,44.79,44.94,6206337
2025-12-25,46.15,46.27,45.93,45.94,4628582
2025-12-26,45.96,46.26,45.96,46.02,5067885
2025-12-29,45.99,46.19,45.89,45.91,7717523
2025-12-30,47.0,47.14,46.84,46.85,2256311
2025-12-31,47.29,47.41,47.25,47.36,5263497
2026-01-01,47.82,48.1,47.68,48.01,6441700
2026-01-02,47.51,47.68,47.34,47.47,4070859
2026-01-05,46.58,46.74,46.48,46.6,7633834
2026-01-06,45.96,46.17,45.93,46.15,5530291
2026-01-07,45.94,46.28,45.66,45.66,2922616
2026-01-08,46.72,47.02,46.17,46.34,3083497
2026-01-09,47.36,47.47,47.17,47.18,7276649
2026-01-12,46.84,47.43,46.68,47.07,4819692
2026-01-13,48.59,48.6,48.22,48.33,7959308
2026-01-14,49.53,49.74,49.49,49.56,3364129
2026-01-15,49.66,49.82,49.64,49.8,3186007
2026-01-16,48.89,49.09,48.66,49.09,5867557
2026-01-19,50.64,50.67,50.38,50.53,3753753
2026-01-20,50.73,50.88,50.39,50.5,4473173
2026-01-21,50.59,50.77,50.48,50.64,4376392
2026-01-22,50.7,50.79,50.3,50.36,5328729
2026-01-23,49.3,49.7,49.06,49.58,3100063
2026-01-26,48.05,48.33,47.98,48.31,5356474
2026-01-27,48.88,48.91,48.78,48.89,4569265
2026-01-28,48.49,48.55,48.1,48.23,6640735
2026-01-29,50.95,51.22,50.89,50.98,5102345
2026-01-30,49.92,50.09,49.8,50.02,3811434
2026-02-02,49.01,49.13,48.71,48.93,6866319
2026-02-03,49.52,49.63,49.33,49.4,7183259
2026-02-04,50.64,50.82,50.54,50.81,6778453
2026-02-05,50.7,50.95,50.53,50.89,3134117
2026-02-06,51.38,51.45,51.24,51.45,6578531
2026-02-09,49.94,50.0,49.45,49.79,3858753
2026-02-10,49.05,49.32,49.01,49.21,3234583
2026-02-11,48.42,48.58,48.27,48.29,6282911
2026-02-12,46.78,46.81,46.53,46.7,4352819
2026-02-13,47.04,47.06,46.68,46.82,3077785
2026-02-16,44.96,45.12,44.77,44.99,6187302
2026-02-17,44.07,44.34,43.85,43.95,5665696
2026-02-18,43.49,43.56,43.46,43.55,5876429
2026-02-19,42.77,43.0,42.74,42.93,5547909
2026-02-20,43.23,43.44,43.08,43.26,6776882
2026-02-23,43.87,43.88,43.51,43.52,4444680
2026-02-24,44.0,44.27,43.95,44.24,7926835
2026-02-25,44.83,45.08,44.73,44.87,6604888
2026-02-26,45.84,45.89,45.66,45.82,3913888
2026-02-27,45.89,45.9,45.56,45.85,3552984
2026-03-02,46.35,46.37,46.03,46.12,5065155
2026-03-03,46.61,46.65,46.52,46.57,4576746
2026-03-04,46.73,46.77,46.67,46.71,6016400
2026-03-05,46.49,46.74,46.38,46.4,2182176
2026-03-06,46.17,46.29,46.02,46.15,7053922
2026-03-09,45.65,45.66,45.4,45.5,2341555
2026-03-10,45.98,46.02,45.73,45.87,2357326
2026-03-11,45.81,45.82,45.58,45.81,2130183
2026-03-12,45.5,45.58,45.26,45.29,4497781
2026-03-13,45.16,45.28,44.47,44.78,5220756
2026-03-16,43.76,43.85,43.55,43.83,6658492
2026-03-17,44.58,44.78,44.47,44.63,6172532
2026-03-18,44.66,44.84,44.55,44.72,3006496
2026-03-19,43.78,44.07,43.72,44.05,3843698
2026-03-20,44.82,44.84,44.72,44.72,2460821
2026-03-23,44.15,44.37,43.99,44.29,5460345
2026-03-24,43.15,43.33,43.13,43.21,5188733
2026-03-25,43.77,44.18,43.66,44.03,3178523
2026-03-26,43.35,43.69,43.25,43.63,5811552
2026-03-27,43.05,43.45,42.88,43.33,6208568
2026-03-30,43.38,43.46,43.28,43.39,6774469
2026-03-31,44.71,44.79,44.23,44.31,7996815
2026-04-01,44.39,44.5,44.04,44.35,7851497
2026-04-02,43.4,43.69,43.15,43.42,6322307
2026-04-03,43.78,44.01,43.56,43.87,5467605
2026-04-06,43.51,43.55,43.45,43.51,7891096
2026-04-07,44.98,45.14,44.76,45.04,5498504
2026-04-08,45.27,45.38,45.0,45.06,7580905
2026-04-09,43.43,43.54,43.23,43.31,5893981
2026-04-10,43.73,43.8,43.45,43.61,2981973
2026-04-13,45.35,45.38,45.17,45.18,2012149
2026-04-14,46.18,46.6,46.11,46.51,6206833
2026-04-15,48.0,48.34,47.75,48.09,7070977
2026-04-16,47.42,47.45,47.13,47.24,6036098
2026-04-17,47.97,48.08,47.91,48.04,7144741
2026-04-20,47.25,47.48,47.21,47.45,3819512
2026-04-21,47.61,47.76,47.57,47.66,4420499
2026-04-22,46.52,46.75,46.39,46.61,6139279
2026-04-23,46.26,46.33,45.89,46.09,6881517
2026-04-24,45.65,45.93,45.49,45.56,7729073
2026-04-27,46.34,46.51,46.32,46.32,2000533
2026-04-28,46.94,47.39,46.83,47.02,5462743
2026-04-29,47.45,47.61,47.12,47.28,4219119
2026-04-30,46.16,46.26,46.14,46.16,7354807
2026-05-01,45.89,45.96,45.64,45.93,2109175
2026-05-04,45.34,45.36,45.29,45.34,4340126
2026-05-05,45.96,46.09,45.72,46.08,3123761
2026-05-06,47.24,47.46,46.96,47.09,5562122
2026-05-07,48.18,48.27,47.91,48.02,7753484
2026-05-08,47.2,47.52,47.17,47.39,6838035
2026-05-11,45.32,45.34,45.0,45.13,3575424
2026-05-12,43.83,43.9,43.72,43.74,4658264
2026-05-13,44.94,45.01,44.84,44.9,2553215
2026-05-14,44.64,44.85,44.48,44.6,5647403
2026-05-15,43.93,44.22,43.87,44.02,4246585
2026-05-18,45.38,45.63,45.21,45.37,2360559
2026-05-19,46.21,46.5,46.03,46.43,7572538
2026-05-20,46.51,46.68,46.22,46.48,3205465
2026-05-21,46.27,46.44,46.05,46.26,6395062
2026-05-22,46.01,46.26,46.0,46.17,6171050
2026-05-25,46.37,46.49,46.37,46.38,6539942
2026-05-26,47.55,48.02,47.49,47.76,3028693
2026-05-27,48.19,48.27,47.83,48.15,3095840
2026-05-28,48.85,48.97,48.37,48.81,7991291
2026-05-29,50.15,50.18,49.85,49.87,4769633
2026-06-01,49.02,49.04,48.83,48.86,5420670
2026-06-02,49.54,49.76,49.44,49.55,4082879
2026-06-03,49.03,49.41,48.8,49.31,4573237
2026-06-04,47.53,47.65,47.14,47.15,5005509
2026-06-05,45.62,45.74,45.26,45.4,5936408
2026-06-08,44.55,44.66,44.54,44.6,2616633
2026-06-09,45.01,45.23,44.84,45.05,6124068
2026-06-10,44.98,45.18,44.83,45.17,6483916
2026-06-11,45.19,45.45,45.18,45.34,2392533
2026-06-12,46.78,47.09,46.76,46.98,3962193
2026-06-15,45.76,46.14,45.74,45.94,7272490
2026-06-16,45.59,45.98,45.59,45.95,6354559
2026-06-17,46.36,46.54,46.13,46.22,2487356
2026-06-18,45.79,45.87,45.59,45.63,6696586
2026-06-19,45.95,45.98,45.53,45.68,4784660
2026-06-22,44.39,44.53,44.36,44.41,5358311
2026-06-23,45.35,45.67,45.14,45.57,2560540
2026-06-24,45.22,45.36,45.0,45.04,2610020
2026-06-25,46.99,47.27,46.64,46.74,6344837
2026-06-26,46.48,46.97,46.3,46.73,5201282
2026-06-29,47.32,47.74,47.25,47.63,7266993
2026-06-30,47.33,47.67,47.11,47.61,4952728
2026-07-01,47.55,47.77,47.54,47.61,6426480
2026-07-02,46.88,47.28,46.86,47.13,3335374
2026-07-03,47.51,47.6,47.25,47.26,2895653
2026-07-06,47.44,47.56,47.29,47.55,4896465
2026-07-07,46.77,46.98,46.7,46.91,2582506
2026-07-08,47.07,47.11,46.46,46.83,6405564
2026-07-09,46.17,46.5,46.11,46.34,2069726
2026-07-10,48.45,48.46,48.31,48.32,6164143
2026-07-13,48.16,48.49,47.93,48.27,2343817
2026-07-14,49.59,49.79,49.33,49.65,7067369
2026-07-15,49.1,49.56,49.04,49.5,4807407
2026-07-16,49.63,49.95,49.47,49.76,2733611
2026-07-17,48.75,48.85,48.59,48.61,3179346
2026-07-20,48.36,48.56,48.24,48.25,3306267
2026-07-21,48.46,48.54,48.09,48.46,4248368
2026-07-22,50.03,50.1,49.83,49.88,6106337
2026-07-23,50.36,50.38,50.01,50.11,4543010
2026-07-24,51.29,51.48,51.25,51.4,5765933
2026-07-27,52.36,52.56,51.84,52.02,6392749
2026-07-28,53.44,53.75,53.29,53.59,5293479
2026-07-29,53.18,53.6,52.99,53.56,5529380
2026-07-30,55.83,55.97,55.76,55.95,2470986
2026-07-31,55.4,55.62,55.28,55.49,5047720
2026-08-03,54.74,54.81,54.67,54.76,4783680
2026-08-04,53.69,53.9,53.59,53.6,2677181
2026-08-05,55.98,55.98,55.75,55.93,6938297
2026-08-06,56.37,56.88,56.32,56.79,5889584
2026-08-07,56.46,56.73,56.28,56.47,5038666
2026-08-10,57.46,58.25,57.16,57.79,6843893
2026-08-11,58.63,58.96,58.5,58.54,2266447
2026-08-12,60.75,61.0,60.29,60.68,7473115
2026-08-13,59.35,59.36,58.87,59.04,2104200
2026-08-14,58.47,58.92,58.23,58.79,2539427
2026-08-17,58.77,58.92,58.22,58.33,2175080
2026-08-18,56.45,56.47,56.31,56.32,2470429
2026-08-19,57.13,57.89,57.08,57.43,2090581
2026-08-20,57.19,57.19,57.0,57.18,3388569
2026-08-21,58.14,58.18,57.87,57.98,5705402
2026-08-24,60.82,60.92,60.34,60.52,7005238
2026-08-25,60.34,60.78,60.1,60.17,2566247
2026-08-26,59.72,59.86,59.66,59.75,7097225
2026-08-27,60.39,60.43,59.76,59.9,5858392
2026-08-28,60.99,61.3,60.89,61.01,7747593
2026-08-31,60.01,60.43,59.92,60.42,7095405
2026-09-01,59.63,59.95,59.52,59.77,2417529
2026-09-02,61.2,61.35,60.64,60.95,2750836
2026-09-03,61.45,61.59,61.14,61.39,3789271
2026-09-04,59.17,59.63,59.13,59.2,7471849
2026-09-07,57.79,58.03,57.7,57.94,7285200
2026-09-08,59.61,59.82,59.51,59.56,6848713
2026-09-09,59.97,60.17,59.57,60.02,2203383
2026-09-10,58.95,59.26,58.74,59.23,7260871
